Jahrgangsstufe,Kapitel,Unterkapitel,Aufgabe,Beschreibung,AFB,Minimalfahrplan,Kompetenz
6,1 - Brüche und Dezimalbrüche,1.1 - Bruchteile und Anteile,1,,AFB_I,Ja,K5
6,1 - Brüche und Dezimalbrüche,1.1 - Bruchteile und Anteile,2,,AFB_I,,K1 K5
6,1 - Brüche und Dezimalbrüche,1.1 - Bruchteile und Anteile,3,,AFB_I,Ja,K4 K5
6,1 - Brüche und Dezimalbrüche,1.1 - Bruchteile und Anteile,4,,AFB_I,Ja,K4 K5
6,1 - Brüche und Dezimalbrüche,1.1 - Bruchteile und Anteile,5,,AFB_I,,K5
6,1 - Brüche und Dezimalbrüche,1.1 - Bruchteile und Anteile,6,,AFB_I,Ja,K2 K5
6,1 - Brüche und Dezimalbrüche,1.1 - Bruchteile und Anteile,7,,AFB_I,Ja,K2 K3 K6
6,1 - Brüche und Dezimalbrüche,1.1 - Bruchteile und Anteile,8,,AFB_I,,K5
6,1 - Brüche und Dezimalbrüche,1.1 - Bruchteile und Anteile,9,Teste dich,AFB_II,Ja,K5
6,1 - Brüche und Dezimalbrüche,1.1 - Bruchteile und Anteile,10,Teste dich,AFB_II,Ja,K2 K5
6,1 - Brüche und Dezimalbrüche,1.1 - Bruchteile und Anteile,11,,AFB_II,,K3 K4
6,1 - Brüche und Dezimalbrüche,1.1 - Bruchteile und Anteile,12,,AFB_II,,K5
6,1 - Brüche und Dezimalbrüche,1.1 - Bruchteile und Anteile,13,,AFB_II,Ja,K2 K3
6,1 - Brüche und Dezimalbrüche,1.1 - Bruchteile und Anteile,14,,AFB_II,Ja,K1 K4
6,1 - Brüche und Dezimalbrüche,1.1 - Bruchteile und Anteile,15,,AFB_II,,K5
6,1 - Brüche und Dezimalbrüche,1.1 - Bruchteile und Anteile,16,,AFB_II,Ja,K3 K4
6,1 - Brüche und Dezimalbrüche,1.1 - Bruchteile und Anteile,17,,AFB_II,Ja,K2 K5
6,1 - Brüche und Dezimalbrüche,1.1 - Bruchteile und Anteile,18,Teste dich,AFB_II,Ja,K2 K5
6,1 - Brüche und Dezimalbrüche,1.1 - Bruchteile und Anteile,19,Teste dich,AFB_II,Ja,K2 K3
6,1 - Brüche und Dezimalbrüche,1.1 - Bruchteile und Anteile,20,,AFB_III,Ja,K2 K3
6,1 - Brüche und Dezimalbrüche,1.1 - Bruchteile und Anteile,21,,AFB_III,,K4 K6
6,1 - Brüche und Dezimalbrüche,1.1 - Bruchteile und Anteile,22,Grundwissen,AFB_II,,K5
6,1 - Brüche und Dezimalbrüche,1.2 - Kürzen und Erweitern,1,,AFB_I,,K5
6,1 - Brüche und Dezimalbrüche,1.2 - Kürzen und Erweitern,2,,AFB_I,Ja,K5
6,1 - Brüche und Dezimalbrüche,1.2 - Kürzen und Erweitern,3,,AFB_I,Ja,K5
6,1 - Brüche und Dezimalbrüche,1.2 - Kürzen und Erweitern,4,,AFB_I,,K4 K5
6,1 - Brüche und Dezimalbrüche,1.2 - Kürzen und Erweitern,5,,AFB_I,Ja,K2 K4
6,1 - Brüche und Dezimalbrüche,1.2 - Kürzen und Erweitern,6,,AFB_I,,K5
6,1 - Brüche und Dezimalbrüche,1.2 - Kürzen und Erweitern,7,,AFB_I,,K4 K5
6,1 - Brüche und Dezimalbrüche,1.2 - Kürzen und Erweitern,8,Teste dich,AFB_II,Ja,K4
6,1 - Brüche und Dezimalbrüche,1.2 - Kürzen und Erweitern,9,Teste dich,AFB_II,Ja,K5
6,1 - Brüche und Dezimalbrüche,1.2 - Kürzen und Erweitern,10,,AFB_II,,K3 K4 K6
6,1 - Brüche und Dezimalbrüche,1.2 - Kürzen und Erweitern,11,,AFB_II,Ja,K2
6,1 - Brüche und Dezimalbrüche,1.2 - Kürzen und Erweitern,12,,AFB_II,,K4 K5
6,1 - Brüche und Dezimalbrüche,1.2 - Kürzen und Erweitern,13,,AFB_II,Ja,K4 K5
6,1 - Brüche und Dezimalbrüche,1.2 - Kürzen und Erweitern,14,,AFB_II,,K2
6,1 - Brüche und Dezimalbrüche,1.2 - Kürzen und Erweitern,15,,AFB_II,Ja,K2 K5
6,1 - Brüche und Dezimalbrüche,1.2 - Kürzen und Erweitern,16,,AFB_II,Ja,K4 K5
6,1 - Brüche und Dezimalbrüche,1.2 - Kürzen und Erweitern,17,,AFB_II,,K3 K4
6,1 - Brüche und Dezimalbrüche,1.2 - Kürzen und Erweitern,18,Teste dich,AFB_II,Ja,K5
6,1 - Brüche und Dezimalbrüche,1.2 - Kürzen und Erweitern,19,Teste dich,AFB_II,Ja,K1 K6
6,1 - Brüche und Dezimalbrüche,1.2 - Kürzen und Erweitern,20,Teste dich,AFB_II,Ja,K5
6,1 - Brüche und Dezimalbrüche,1.2 - Kürzen und Erweitern,21,,AFB_III,Ja,K1 K2
6,1 - Brüche und Dezimalbrüche,1.2 - Kürzen und Erweitern,22,,AFB_III,,K2 K4
6,1 - Brüche und Dezimalbrüche,1.2 - Kürzen und Erweitern,23,,AFB_III,,K2 K6
6,1 - Brüche und Dezimalbrüche,1.2 - Kürzen und Erweitern,24,Grundwissen,AFB_II,,K2 K3
6,1 - Brüche und Dezimalbrüche,1.3 - Brüche als Quotienten und an der Zahlengeraden,1,,AFB_I,Ja,K5
6,1 - Brüche und Dezimalbrüche,1.3 - Brüche als Quotienten und an der Zahlengeraden,2,,AFB_I,,K5
6,1 - Brüche und Dezimalbrüche,1.3 - Brüche als Quotienten und an der Zahlengeraden,3,,AFB_I,Ja,K4 K5
6,1 - Brüche und Dezimalbrüche,1.3 - Brüche als Quotienten und an der Zahlengeraden,4,,AFB_I,,K2 K5
6,1 - Brüche und Dezimalbrüche,1.3 - Brüche als Quotienten und an der Zahlengeraden,5,,AFB_I,,K4 K5
6,1 - Brüche und Dezimalbrüche,1.3 - Brüche als Quotienten und an der Zahlengeraden,6,,AFB_I,,K4 K5
6,1 - Brüche und Dezimalbrüche,1.3 - Brüche als Quotienten und an der Zahlengeraden,7,,AFB_I,,K3 K5
6,1 - Brüche und Dezimalbrüche,1.3 - Brüche als Quotienten und an der Zahlengeraden,8,,AFB_I,Ja,K4
6,1 - Brüche und Dezimalbrüche,1.3 - Brüche als Quotienten und an der Zahlengeraden,9,,AFB_I,Ja,K2 K4
6,1 - Brüche und Dezimalbrüche,1.3 - Brüche als Quotienten und an der Zahlengeraden,10,,AFB_I,,K3 K6
6,1 - Brüche und Dezimalbrüche,1.3 - Brüche als Quotienten und an der Zahlengeraden,11,,AFB_I,Ja,K5
6,1 - Brüche und Dezimalbrüche,1.3 - Brüche als Quotienten und an der Zahlengeraden,12,,AFB_I,Ja,K5
6,1 - Brüche und Dezimalbrüche,1.3 - Brüche als Quotienten und an der Zahlengeraden,13,Teste dich,AFB_II,Ja,K4 K5
6,1 - Brüche und Dezimalbrüche,1.3 - Brüche als Quotienten und an der Zahlengeraden,14,Teste dich,AFB_II,Ja,K5
6,1 - Brüche und Dezimalbrüche,1.3 - Brüche als Quotienten und an der Zahlengeraden,15,,AFB_II,,K4 K6
6,1 - Brüche und Dezimalbrüche,1.3 - Brüche als Quotienten und an der Zahlengeraden,16,,AFB_II,,K3 K4
6,1 - Brüche und Dezimalbrüche,1.3 - Brüche als Quotienten und an der Zahlengeraden,17,,AFB_II,Ja,K3 K4
6,1 - Brüche und Dezimalbrüche,1.3 - Brüche als Quotienten und an der Zahlengeraden,18,,AFB_II,,K2 K4
6,1 - Brüche und Dezimalbrüche,1.3 - Brüche als Quotienten und an der Zahlengeraden,19,,AFB_II,,K3
6,1 - Brüche und Dezimalbrüche,1.3 - Brüche als Quotienten und an der Zahlengeraden,20,,AFB_II,Ja,K3 K4
6,1 - Brüche und Dezimalbrüche,1.3 - Brüche als Quotienten und an der Zahlengeraden,21,,AFB_II,,K2
6,1 - Brüche und Dezimalbrüche,1.3 - Brüche als Quotienten und an der Zahlengeraden,22,,AFB_II,Ja,K1 K5
6,1 - Brüche und Dezimalbrüche,1.3 - Brüche als Quotienten und an der Zahlengeraden,23,,AFB_II,,K3 K4
6,1 - Brüche und Dezimalbrüche,1.3 - Brüche als Quotienten und an der Zahlengeraden,24,Teste dich,AFB_II,Ja,K2
6,1 - Brüche und Dezimalbrüche,1.3 - Brüche als Quotienten und an der Zahlengeraden,25,Teste dich,AFB_II,Ja,K4
6,1 - Brüche und Dezimalbrüche,1.3 - Brüche als Quotienten und an der Zahlengeraden,26,,AFB_III,,K1 K4
6,1 - Brüche und Dezimalbrüche,1.3 - Brüche als Quotienten und an der Zahlengeraden,27,Grundwissen,AFB_II,,K2 K5
6,1 - Brüche und Dezimalbrüche,1.4 - Vergleichen von Brüchen,1,,AFB_I,Ja,K2
6,1 - Brüche und Dezimalbrüche,1.4 - Vergleichen von Brüchen,2,,AFB_I,Ja,K2
6,1 - Brüche und Dezimalbrüche,1.4 - Vergleichen von Brüchen,3,,AFB_I,Ja,K1 K5
6,1 - Brüche und Dezimalbrüche,1.4 - Vergleichen von Brüchen,4,,AFB_I,Ja,K5
6,1 - Brüche und Dezimalbrüche,1.4 - Vergleichen von Brüchen,5,,AFB_I,,K1
6,1 - Brüche und Dezimalbrüche,1.4 - Vergleichen von Brüchen,6,,AFB_I,,K3
6,1 - Brüche und Dezimalbrüche,1.4 - Vergleichen von Brüchen,7,,AFB_I,,K2 K4
6,1 - Brüche und Dezimalbrüche,1.4 - Vergleichen von Brüchen,8,Teste dich,AFB_II,Ja,K4
6,1 - Brüche und Dezimalbrüche,1.4 - Vergleichen von Brüchen,9,Teste dich,AFB_II,Ja,K2 K3
6,1 - Brüche und Dezimalbrüche,1.4 - Vergleichen von Brüchen,10,,AFB_II,,K2
6,1 - Brüche und Dezimalbrüche,1.4 - Vergleichen von Brüchen,11,,AFB_II,Ja,K4 K5
6,1 - Brüche und Dezimalbrüche,1.4 - Vergleichen von Brüchen,12,,AFB_II,,K2
6,1 - Brüche und Dezimalbrüche,1.4 - Vergleichen von Brüchen,13,,AFB_II,Ja,K2
6,1 - Brüche und Dezimalbrüche,1.4 - Vergleichen von Brüchen,14,,AFB_II,,K1 K3
6,1 - Brüche und Dezimalbrüche,1.4 - Vergleichen von Brüchen,15,,AFB_II,Ja,K3
6,1 - Brüche und Dezimalbrüche,1.4 - Vergleichen von Brüchen,16,,AFB_II,,K1 K2
6,1 - Brüche und Dezimalbrüche,1.4 - Vergleichen von Brüchen,17,,AFB_II,,K2 K4
6,1 - Brüche und Dezimalbrüche,1.4 - Vergleichen von Brüchen,18,,AFB_II,,K1 K6
6,1 - Brüche und Dezimalbrüche,1.4 - Vergleichen von Brüchen,19,Teste dich,AFB_II,Ja,K4
6,1 - Brüche und Dezimalbrüche,1.4 - Vergleichen von Brüchen,20,Teste dich,AFB_II,Ja,K3
6,1 - Brüche und Dezimalbrüche,1.4 - Vergleichen von Brüchen,21,,AFB_III,,K2 K3
6,1 - Brüche und Dezimalbrüche,1.4 - Vergleichen von Brüchen,22,,AFB_III,Ja,K1 K2
6,1 - Brüche und Dezimalbrüche,1.4 - Vergleichen von Brüchen,23,Grundwissen,AFB_II,,K5
6,1 - Brüche und Dezimalbrüche,1.5 - Rationale Zahlen,1,,AFB_I,,K2 K5
6,1 - Brüche und Dezimalbrüche,1.5 - Rationale Zahlen,2,,AFB_I,Ja,K5
6,1 - Brüche und Dezimalbrüche,1.5 - Rationale Zahlen,3,,AFB_I,Ja,K2
6,1 - Brüche und Dezimalbrüche,1.5 - Rationale Zahlen,4,,AFB_I,,K2 K4
6,1 - Brüche und Dezimalbrüche,1.5 - Rationale Zahlen,5,,AFB_I,Ja,K4 K5
6,1 - Brüche und Dezimalbrüche,1.5 - Rationale Zahlen,6,,AFB_I,,K1 K2 K4
6,1 - Brüche und Dezimalbrüche,1.5 - Rationale Zahlen,7,,AFB_I,Ja,K2 K6
6,1 - Brüche und Dezimalbrüche,1.5 - Rationale Zahlen,8,,AFB_I,,K5
6,1 - Brüche und Dezimalbrüche,1.5 - Rationale Zahlen,9,Teste dich,AFB_II,Ja,K2 K3 K4
6,1 - Brüche und Dezimalbrüche,1.5 - Rationale Zahlen,10,Teste dich,AFB_II,Ja,K5
6,1 - Brüche und Dezimalbrüche,1.5 - Rationale Zahlen,11,,AFB_II,,K2 K5
6,1 - Brüche und Dezimalbrüche,1.5 - Rationale Zahlen,12,,AFB_II,Ja,K1
6,1 - Brüche und Dezimalbrüche,1.5 - Rationale Zahlen,13,,AFB_II,Ja,K4 K5
6,1 - Brüche und Dezimalbrüche,1.5 - Rationale Zahlen,14,,AFB_II,,K1 K6
6,1 - Brüche und Dezimalbrüche,1.5 - Rationale Zahlen,15,,AFB_II,,K2
6,1 - Brüche und Dezimalbrüche,1.5 - Rationale Zahlen,16,,AFB_II,Ja,K2
6,1 - Brüche und Dezimalbrüche,1.5 - Rationale Zahlen,17,Teste dich,AFB_II,Ja,K2
6,1 - Brüche und Dezimalbrüche,1.5 - Rationale Zahlen,18,Teste dich,AFB_II,Ja,K1 K2
6,1 - Brüche und Dezimalbrüche,1.5 - Rationale Zahlen,19,,AFB_III,Ja,K1 K2
6,1 - Brüche und Dezimalbrüche,1.5 - Rationale Zahlen,20,Grundwissen,AFB_II,,K5
6,1 - Brüche und Dezimalbrüche,1.6 - Dezimalbrüche,1,,AFB_I,Ja,K5
6,1 - Brüche und Dezimalbrüche,1.6 - Dezimalbrüche,2,,AFB_I,Ja,K2 K5
6,1 - Brüche und Dezimalbrüche,1.6 - Dezimalbrüche,3,,AFB_I,,K1 K5
6,1 - Brüche und Dezimalbrüche,1.6 - Dezimalbrüche,4,,AFB_I,,K2 K6
6,1 - Brüche und Dezimalbrüche,1.6 - Dezimalbrüche,5,,AFB_I,Ja,K5
6,1 - Brüche und Dezimalbrüche,1.6 - Dezimalbrüche,6,,AFB_I,,K2 K6
6,1 - Brüche und Dezimalbrüche,1.6 - Dezimalbrüche,7,,AFB_I,Ja,K5
6,1 - Brüche und Dezimalbrüche,1.6 - Dezimalbrüche,8,,AFB_I,Ja,K2 K5
6,1 - Brüche und Dezimalbrüche,1.6 - Dezimalbrüche,9,,AFB_I,,K4 K5
6,1 - Brüche und Dezimalbrüche,1.6 - Dezimalbrüche,10,,AFB_I,Ja,K5
6,1 - Brüche und Dezimalbrüche,1.6 - Dezimalbrüche,11,,AFB_I,Ja,K1
6,1 - Brüche und Dezimalbrüche,1.6 - Dezimalbrüche,12,Teste dich,AFB_II,Ja,K5
6,1 - Brüche und Dezimalbrüche,1.6 - Dezimalbrüche,13,Teste dich,AFB_II,Ja,K5
6,1 - Brüche und Dezimalbrüche,1.6 - Dezimalbrüche,14,,AFB_II,Ja,K2
6,1 - Brüche und Dezimalbrüche,1.6 - Dezimalbrüche,15,,AFB_II,,K2 K6
6,1 - Brüche und Dezimalbrüche,1.6 - Dezimalbrüche,16,,AFB_II,,K1 K2
6,1 - Brüche und Dezimalbrüche,1.6 - Dezimalbrüche,17,,AFB_II,,K5
6,1 - Brüche und Dezimalbrüche,1.6 - Dezimalbrüche,18,,AFB_II,Ja,K5
6,1 - Brüche und Dezimalbrüche,1.6 - Dezimalbrüche,19,,AFB_II,,K2 K5
6,1 - Brüche und Dezimalbrüche,1.6 - Dezimalbrüche,20,,AFB_II,,K5
6,1 - Brüche und Dezimalbrüche,1.6 - Dezimalbrüche,21,,AFB_II,Ja,K4
6,1 - Brüche und Dezimalbrüche,1.6 - Dezimalbrüche,22,,AFB_II,Ja,K2 K4
6,1 - Brüche und Dezimalbrüche,1.6 - Dezimalbrüche,23,Teste dich,AFB_II,Ja,K2 K5
6,1 - Brüche und Dezimalbrüche,1.6 - Dezimalbrüche,24,Teste dich,AFB_II,Ja,K2 K5
6,1 - Brüche und Dezimalbrüche,1.6 - Dezimalbrüche,25,,AFB_III,Ja,K1 K2 K3 K6
6,1 - Brüche und Dezimalbrüche,1.6 - Dezimalbrüche,26,,AFB_III,,K2
6,1 - Brüche und Dezimalbrüche,1.6 - Dezimalbrüche,27,,AFB_III,Ja,K2 K6
6,1 - Brüche und Dezimalbrüche,1.6 - Dezimalbrüche,28,Grundwissen,AFB_II,,K4 K5
6,1 - Brüche und Dezimalbrüche,1.7 - Vergleichen von Dezimalbrüchen,1,,AFB_I,Ja,K2 K5
6,1 - Brüche und Dezimalbrüche,1.7 - Vergleichen von Dezimalbrüchen,2,,AFB_I,,K1 K2 K6
6,1 - Brüche und Dezimalbrüche,1.7 - Vergleichen von Dezimalbrüchen,3,,AFB_I,Ja,K4
6,1 - Brüche und Dezimalbrüche,1.7 - Vergleichen von Dezimalbrüchen,4,,AFB_I,,K2
6,1 - Brüche und Dezimalbrüche,1.7 - Vergleichen von Dezimalbrüchen,5,,AFB_I,,K2 K5
6,1 - Brüche und Dezimalbrüche,1.7 - Vergleichen von Dezimalbrüchen,6,,AFB_I,Ja,K2 K4
6,1 - Brüche und Dezimalbrüche,1.7 - Vergleichen von Dezimalbrüchen,7,,AFB_I,Ja,K5
6,1 - Brüche und Dezimalbrüche,1.7 - Vergleichen von Dezimalbrüchen,8,,AFB_I,Ja,K2 K6
6,1 - Brüche und Dezimalbrüche,1.7 - Vergleichen von Dezimalbrüchen,9,,AFB_I,,K2
6,1 - Brüche und Dezimalbrüche,1.7 - Vergleichen von Dezimalbrüchen,10,Teste dich,AFB_II,Ja,K2 K5
6,1 - Brüche und Dezimalbrüche,1.7 - Vergleichen von Dezimalbrüchen,11,Teste dich,AFB_II,Ja,K2
6,1 - Brüche und Dezimalbrüche,1.7 - Vergleichen von Dezimalbrüchen,12,,AFB_II,Ja,K2 K4
6,1 - Brüche und Dezimalbrüche,1.7 - Vergleichen von Dezimalbrüchen,13,,AFB_II,,K2 K5 K6
6,1 - Brüche und Dezimalbrüche,1.7 - Vergleichen von Dezimalbrüchen,14,,AFB_II,Ja,K2 K4
6,1 - Brüche und Dezimalbrüche,1.7 - Vergleichen von Dezimalbrüchen,15,,AFB_II,Ja,K2
6,1 - Brüche und Dezimalbrüche,1.7 - Vergleichen von Dezimalbrüchen,16,,AFB_II,Ja,K2 K4
6,1 - Brüche und Dezimalbrüche,1.7 - Vergleichen von Dezimalbrüchen,17,,AFB_II,,K6
6,1 - Brüche und Dezimalbrüche,1.7 - Vergleichen von Dezimalbrüchen,18,,AFB_II,Ja,K2 K5
6,1 - Brüche und Dezimalbrüche,1.7 - Vergleichen von Dezimalbrüchen,19,,AFB_II,,K2 K4
6,1 - Brüche und Dezimalbrüche,1.7 - Vergleichen von Dezimalbrüchen,20,,AFB_II,,K2
6,1 - Brüche und Dezimalbrüche,1.7 - Vergleichen von Dezimalbrüchen,21,,AFB_II,,K1 K2
6,1 - Brüche und Dezimalbrüche,1.7 - Vergleichen von Dezimalbrüchen,22,,AFB_II,Ja,K2 K5
6,1 - Brüche und Dezimalbrüche,1.7 - Vergleichen von Dezimalbrüchen,23,,AFB_II,,K2
6,1 - Brüche und Dezimalbrüche,1.7 - Vergleichen von Dezimalbrüchen,24,Teste dich,AFB_II,Ja,K2 K5
6,1 - Brüche und Dezimalbrüche,1.7 - Vergleichen von Dezimalbrüchen,25,Teste dich,AFB_II,Ja,K2
6,1 - Brüche und Dezimalbrüche,1.7 - Vergleichen von Dezimalbrüchen,26,Teste dich,AFB_II,Ja,K2
6,1 - Brüche und Dezimalbrüche,1.7 - Vergleichen von Dezimalbrüchen,27,,AFB_III,,K2
6,1 - Brüche und Dezimalbrüche,1.7 - Vergleichen von Dezimalbrüchen,28,,AFB_III,,K2 K6
6,1 - Brüche und Dezimalbrüche,1.7 - Vergleichen von Dezimalbrüchen,29,Grundwissen,AFB_II,,K5
6,1 - Brüche und Dezimalbrüche,1.8 - Brüche in Dezimalbrüche umwandeln und runden,1,,AFB_I,,K2
6,1 - Brüche und Dezimalbrüche,1.8 - Brüche in Dezimalbrüche umwandeln und runden,2,,AFB_I,Ja,K5
6,1 - Brüche und Dezimalbrüche,1.8 - Brüche in Dezimalbrüche umwandeln und runden,3,,AFB_I,Ja,K5
6,1 - Brüche und Dezimalbrüche,1.8 - Brüche in Dezimalbrüche umwandeln und runden,4,,AFB_I,Ja,K2 K5
6,1 - Brüche und Dezimalbrüche,1.8 - Brüche in Dezimalbrüche umwandeln und runden,5,,AFB_I,Ja,K1
6,1 - Brüche und Dezimalbrüche,1.8 - Brüche in Dezimalbrüche umwandeln und runden,6,,AFB_I,,K2
6,1 - Brüche und Dezimalbrüche,1.8 - Brüche in Dezimalbrüche umwandeln und runden,7,,AFB_I,,K5
6,1 - Brüche und Dezimalbrüche,1.8 - Brüche in Dezimalbrüche umwandeln und runden,8,,AFB_I,Ja,K5
6,1 - Brüche und Dezimalbrüche,1.8 - Brüche in Dezimalbrüche umwandeln und runden,9,,AFB_I,,K5
6,1 - Brüche und Dezimalbrüche,1.8 - Brüche in Dezimalbrüche umwandeln und runden,10,,AFB_I,,K3 K6
6,1 - Brüche und Dezimalbrüche,1.8 - Brüche in Dezimalbrüche umwandeln und runden,11,,AFB_I,Ja,K4 K5
6,1 - Brüche und Dezimalbrüche,1.8 - Brüche in Dezimalbrüche umwandeln und runden,12,,AFB_I,Ja,K5
6,1 - Brüche und Dezimalbrüche,1.8 - Brüche in Dezimalbrüche umwandeln und runden,13,,AFB_I,Ja,K2 K6
6,1 - Brüche und Dezimalbrüche,1.8 - Brüche in Dezimalbrüche umwandeln und runden,14,Teste dich,AFB_II,Ja,K5
6,1 - Brüche und Dezimalbrüche,1.8 - Brüche in Dezimalbrüche umwandeln und runden,15,Teste dich,AFB_II,Ja,K5
6,1 - Brüche und Dezimalbrüche,1.8 - Brüche in Dezimalbrüche umwandeln und runden,16,,AFB_II,Ja,K2
6,1 - Brüche und Dezimalbrüche,1.8 - Brüche in Dezimalbrüche umwandeln und runden,17,,AFB_II,Ja,K2 K5
6,1 - Brüche und Dezimalbrüche,1.8 - Brüche in Dezimalbrüche umwandeln und runden,18,,AFB_II,,K2 K6
6,1 - Brüche und Dezimalbrüche,1.8 - Brüche in Dezimalbrüche umwandeln und runden,19,,AFB_II,,K2
6,1 - Brüche und Dezimalbrüche,1.8 - Brüche in Dezimalbrüche umwandeln und runden,20,,AFB_II,,K2
6,1 - Brüche und Dezimalbrüche,1.8 - Brüche in Dezimalbrüche umwandeln und runden,21,,AFB_II,,K6
6,1 - Brüche und Dezimalbrüche,1.8 - Brüche in Dezimalbrüche umwandeln und runden,22,,AFB_II,Ja,K2 K4
6,1 - Brüche und Dezimalbrüche,1.8 - Brüche in Dezimalbrüche umwandeln und runden,23,,AFB_II,,K2
6,1 - Brüche und Dezimalbrüche,1.8 - Brüche in Dezimalbrüche umwandeln und runden,24,,AFB_II,,K1 K5
6,1 - Brüche und Dezimalbrüche,1.8 - Brüche in Dezimalbrüche umwandeln und runden,25,,AFB_II,,K2 K5
6,1 - Brüche und Dezimalbrüche,1.8 - Brüche in Dezimalbrüche umwandeln und runden,26,,AFB_II,Ja,K2
6,1 - Brüche und Dezimalbrüche,1.8 - Brüche in Dezimalbrüche umwandeln und runden,27,,AFB_II,Ja,K2 K5
6,1 - Brüche und Dezimalbrüche,1.8 - Brüche in Dezimalbrüche umwandeln und runden,28,,AFB_II,,K2
6,1 - Brüche und Dezimalbrüche,1.8 - Brüche in Dezimalbrüche umwandeln und runden,29,,AFB_II,,K2 K5
6,1 - Brüche und Dezimalbrüche,1.8 - Brüche in Dezimalbrüche umwandeln und runden,30,,AFB_I,Ja,K2
6,1 - Brüche und Dezimalbrüche,1.8 - Brüche in Dezimalbrüche umwandeln und runden,31,,AFB_I,Ja,K2 K5
6,1 - Brüche und Dezimalbrüche,1.8 - Brüche in Dezimalbrüche umwandeln und runden,32,,AFB_I,Ja,K2
6,1 - Brüche und Dezimalbrüche,1.8 - Brüche in Dezimalbrüche umwandeln und runden,33,,AFB_III,,K1 K2 K6
6,1 - Brüche und Dezimalbrüche,1.8 - Brüche in Dezimalbrüche umwandeln und runden,34,,AFB_III,Ja,K2
6,1 - Brüche und Dezimalbrüche,1.8 - Brüche in Dezimalbrüche umwandeln und runden,35,Grundwissen,AFB_II,,K2 K3
6,1 - Brüche und Dezimalbrüche,1.9 - Periodische Dezimalbrüche,1,,AFB_I,Ja,K5
6,1 - Brüche und Dezimalbrüche,1.9 - Periodische Dezimalbrüche,2,,AFB_I,,K5
6,1 - Brüche und Dezimalbrüche,1.9 - Periodische Dezimalbrüche,3,,AFB_I,,K5
6,1 - Brüche und Dezimalbrüche,1.9 - Periodische Dezimalbrüche,4,,AFB_I,,K2
6,1 - Brüche und Dezimalbrüche,1.9 - Periodische Dezimalbrüche,5,,AFB_I,Ja,K2 K5
6,1 - Brüche und Dezimalbrüche,1.9 - Periodische Dezimalbrüche,6,,AFB_I,,K5
6,1 - Brüche und Dezimalbrüche,1.9 - Periodische Dezimalbrüche,7,Teste dich,AFB_II,Ja,K5
6,1 - Brüche und Dezimalbrüche,1.9 - Periodische Dezimalbrüche,8,Teste dich,AFB_II,Ja,K2 K5
6,1 - Brüche und Dezimalbrüche,1.9 - Periodische Dezimalbrüche,9,,AFB_II,,K5
6,1 - Brüche und Dezimalbrüche,1.9 - Periodische Dezimalbrüche,10,,AFB_II,,K2 K5
6,1 - Brüche und Dezimalbrüche,1.9 - Periodische Dezimalbrüche,11,,AFB_II,,K6
6,1 - Brüche und Dezimalbrüche,1.9 - Periodische Dezimalbrüche,12,,AFB_II,Ja,K2
6,1 - Brüche und Dezimalbrüche,1.9 - Periodische Dezimalbrüche,13,,AFB_II,Ja,K1 K3
6,1 - Brüche und Dezimalbrüche,1.9 - Periodische Dezimalbrüche,14,,AFB_II,,K2 K6
6,1 - Brüche und Dezimalbrüche,1.9 - Periodische Dezimalbrüche,15,,AFB_II,Ja,K2 K5
6,1 - Brüche und Dezimalbrüche,1.9 - Periodische Dezimalbrüche,16,,AFB_II,,K2 K5
6,1 - Brüche und Dezimalbrüche,1.9 - Periodische Dezimalbrüche,17,Teste dich,AFB_II,Ja,K2 K6
6,1 - Brüche und Dezimalbrüche,1.9 - Periodische Dezimalbrüche,18,Teste dich,AFB_II,Ja,K2 K4 K5
6,1 - Brüche und Dezimalbrüche,1.9 - Periodische Dezimalbrüche,19,,AFB_III,,K3 K5
6,1 - Brüche und Dezimalbrüche,1.9 - Periodische Dezimalbrüche,20,Grundwissen,AFB_II,,K4 K5
6,1 - Brüche und Dezimalbrüche,Wiederholen,1,,AFB_I,,K5
6,1 - Brüche und Dezimalbrüche,Wiederholen,2,,AFB_I,,K3
6,1 - Brüche und Dezimalbrüche,Wiederholen,3,,AFB_I,,
6,1 - Brüche und Dezimalbrüche,Wiederholen,4,,AFB_I,,K5
6,1 - Brüche und Dezimalbrüche,Wiederholen,5,,AFB_I,,K5
6,1 - Brüche und Dezimalbrüche,Wiederholen,6,,AFB_I,,K2
6,1 - Brüche und Dezimalbrüche,Wiederholen,7,,AFB_I,,K2 K5
6,1 - Brüche und Dezimalbrüche,Wiederholen,8,,AFB_I,,K2
6,1 - Brüche und Dezimalbrüche,Wiederholen,9,,AFB_I,,K2 K4
6,1 - Brüche und Dezimalbrüche,Wiederholen,10,,AFB_I,,K4
6,1 - Brüche und Dezimalbrüche,Wiederholen,11,,AFB_I,,K2
6,1 - Brüche und Dezimalbrüche,Wiederholen,12,,AFB_I,,K3 K4
6,1 - Brüche und Dezimalbrüche,Wiederholen,13,,AFB_II,,K5
6,1 - Brüche und Dezimalbrüche,Wiederholen,14,,AFB_II,,K2 K4
6,1 - Brüche und Dezimalbrüche,Wiederholen,15,,AFB_II,,K3
6,1 - Brüche und Dezimalbrüche,Wiederholen,16,,AFB_II,,K2 K3
6,1 - Brüche und Dezimalbrüche,Wiederholen,17,,AFB_II,,K2
6,1 - Brüche und Dezimalbrüche,Wiederholen,18,,AFB_II,,K4 K5
6,1 - Brüche und Dezimalbrüche,Wiederholen,19,,AFB_II,,K2
6,1 - Brüche und Dezimalbrüche,Wiederholen,20,,AFB_II,,K2 K5
6,1 - Brüche und Dezimalbrüche,Wiederholen,21,,AFB_II,,K3 K6
6,1 - Brüche und Dezimalbrüche,Wiederholen,22,,AFB_II,,K1 K2
6,1 - Brüche und Dezimalbrüche,Wiederholen,23,,AFB_II,,K2 K5
6,1 - Brüche und Dezimalbrüche,Wiederholen,24,,AFB_II,,K4 K6
6,1 - Brüche und Dezimalbrüche,Wiederholen,25,,AFB_II,,K2 K3
6,1 - Brüche und Dezimalbrüche,Wiederholen,26,,AFB_II,,K2
6,1 - Brüche und Dezimalbrüche,Wiederholen,27,,AFB_II,,K3 K6
6,1 - Brüche und Dezimalbrüche,Wiederholen,28,,AFB_III,,K1 K2
6,1 - Brüche und Dezimalbrüche,Wiederholen,29,,AFB_III,,K1 K2
6,1 - Brüche und Dezimalbrüche,Wiederholen,30,,AFB_III,,K2 K3
6,1 - Brüche und Dezimalbrüche,Wiederholen,31,,AFB_III,,K2 K4
6,1 - Brüche und Dezimalbrüche,Wiederholen,32,,AFB_III,,K2 K6
6,1 - Brüche und Dezimalbrüche,Wiederholen,33,,AFB_III,,K1 K6
6,1 - Brüche und Dezimalbrüche,Teste dich,1,Teste dich,AFB_II,,K2 K5
6,1 - Brüche und Dezimalbrüche,Teste dich,2,Teste dich,AFB_II,,K2
6,1 - Brüche und Dezimalbrüche,Teste dich,3,Teste dich,AFB_II,,K5
6,1 - Brüche und Dezimalbrüche,Teste dich,4,Teste dich,AFB_II,,K2 K5
6,1 - Brüche und Dezimalbrüche,Teste dich,5,Teste dich,AFB_II,,K2 K5
6,1 - Brüche und Dezimalbrüche,Teste dich,6,Teste dich,AFB_II,,K2
6,1 - Brüche und Dezimalbrüche,Teste dich,7,Teste dich,AFB_II,,K1 K3
6,1 - Brüche und Dezimalbrüche,Teste dich,8,Teste dich,AFB_II,,K2 K4
6,1 - Brüche und Dezimalbrüche,Teste dich,9,Teste dich,AFB_II,,K2
6,1 - Brüche und Dezimalbrüche,Teste dich,10,Teste dich,AFB_II,,K5
6,1 - Brüche und Dezimalbrüche,Teste dich,11,Teste dich,AFB_II,,K2 K4 K5
6,1 - Brüche und Dezimalbrüche,Teste dich,12,Teste dich,AFB_II,,K3 K5
6,1 - Brüche und Dezimalbrüche,Teste dich,13,Teste dich,AFB_II,,K4 K5
6,1 - Brüche und Dezimalbrüche,Teste dich,14,Teste dich,AFB_II,,K2 K5
6,2 - Addition und Subtraktion von Brüchen,2.1 - Addieren und Subtrahieren gleichnahmniger Brüche,1,,AFB_II,Ja,K5
6,2 - Addition und Subtraktion von Brüchen,2.1 - Addieren und Subtrahieren gleichnahmniger Brüche,2,,AFB_II,Ja,K4
6,2 - Addition und Subtraktion von Brüchen,2.1 - Addieren und Subtrahieren gleichnahmniger Brüche,3,,AFB_II,,K5
6,2 - Addition und Subtraktion von Brüchen,2.1 - Addieren und Subtrahieren gleichnahmniger Brüche,4,,AFB_II,Ja,K5
6,2 - Addition und Subtraktion von Brüchen,2.1 - Addieren und Subtrahieren gleichnahmniger Brüche,5,,AFB_II,Ja,K4
6,2 - Addition und Subtraktion von Brüchen,2.1 - Addieren und Subtrahieren gleichnahmniger Brüche,6,,AFB_II,,K4
6,2 - Addition und Subtraktion von Brüchen,2.1 - Addieren und Subtrahieren gleichnahmniger Brüche,7,,AFB_II,,K3 K6
6,2 - Addition und Subtraktion von Brüchen,2.1 - Addieren und Subtrahieren gleichnahmniger Brüche,8,,AFB_II,,K1
6,2 - Addition und Subtraktion von Brüchen,2.1 - Addieren und Subtrahieren gleichnahmniger Brüche,9,,AFB_II,Ja,K2
6,2 - Addition und Subtraktion von Brüchen,2.1 - Addieren und Subtrahieren gleichnahmniger Brüche,10,,AFB_II,Ja,K2 K5
6,2 - Addition und Subtraktion von Brüchen,2.1 - Addieren und Subtrahieren gleichnahmniger Brüche,11,,AFB_II,,K2
6,2 - Addition und Subtraktion von Brüchen,2.1 - Addieren und Subtrahieren gleichnahmniger Brüche,12,,AFB_II,,K5
6,2 - Addition und Subtraktion von Brüchen,2.2 - Addieren und Subtrahieren ungleichnahmiger Brüche,1,,AFB_II,Ja,K5
6,2 - Addition und Subtraktion von Brüchen,2.2 - Addieren und Subtrahieren ungleichnahmiger Brüche,2,,AFB_II,Ja,K2 K6
6,2 - Addition und Subtraktion von Brüchen,2.2 - Addieren und Subtrahieren ungleichnahmiger Brüche,3,,AFB_II,Ja,K1
6,2 - Addition und Subtraktion von Brüchen,2.2 - Addieren und Subtrahieren ungleichnahmiger Brüche,4,,AFB_II,,K5
6,2 - Addition und Subtraktion von Brüchen,2.2 - Addieren und Subtrahieren ungleichnahmiger Brüche,5,,AFB_II,,K5
6,2 - Addition und Subtraktion von Brüchen,2.2 - Addieren und Subtrahieren ungleichnahmiger Brüche,6,,AFB_II,Ja,K5
6,2 - Addition und Subtraktion von Brüchen,2.2 - Addieren und Subtrahieren ungleichnahmiger Brüche,7,,AFB_II,,K4
6,2 - Addition und Subtraktion von Brüchen,2.2 - Addieren und Subtrahieren ungleichnahmiger Brüche,8,,AFB_II,,K1 K3
6,2 - Addition und Subtraktion von Brüchen,2.2 - Addieren und Subtrahieren ungleichnahmiger Brüche,9,,AFB_II,Ja,K1 K5
6,2 - Addition und Subtraktion von Brüchen,2.2 - Addieren und Subtrahieren ungleichnahmiger Brüche,10,,AFB_II,Ja,K6
6,2 - Addition und Subtraktion von Brüchen,2.2 - Addieren und Subtrahieren ungleichnahmiger Brüche,11,,AFB_II,Ja,K5
6,2 - Addition und Subtraktion von Brüchen,2.2 - Addieren und Subtrahieren ungleichnahmiger Brüche,12,,AFB_II,Ja,K1
6,2 - Addition und Subtraktion von Brüchen,2.2 - Addieren und Subtrahieren ungleichnahmiger Brüche,13,,AFB_II,,K3 K5
6,2 - Addition und Subtraktion von Brüchen,2.2 - Addieren und Subtrahieren ungleichnahmiger Brüche,14,,AFB_II,,K4 K5
6,2 - Addition und Subtraktion von Brüchen,2.2 - Addieren und Subtrahieren ungleichnahmiger Brüche,15,,AFB_II,,K1 K2 K3
6,2 - Addition und Subtraktion von Brüchen,2.2 - Addieren und Subtrahieren ungleichnahmiger Brüche,16,,AFB_II,Ja,K1 K6
6,2 - Addition und Subtraktion von Brüchen,2.2 - Addieren und Subtrahieren ungleichnahmiger Brüche,17,,AFB_II,Ja,K5
6,2 - Addition und Subtraktion von Brüchen,2.2 - Addieren und Subtrahieren ungleichnahmiger Brüche,18,,AFB_II,Ja,K2 K3
6,2 - Addition und Subtraktion von Brüchen,2.2 - Addieren und Subtrahieren ungleichnahmiger Brüche,19,,AFB_II,,K5
6,2 - Addition und Subtraktion von Brüchen,2.2 - Addieren und Subtrahieren ungleichnahmiger Brüche,20,,AFB_II,Ja,K4 K5
6,2 - Addition und Subtraktion von Brüchen,2.2 - Addieren und Subtrahieren ungleichnahmiger Brüche,21,,AFB_II,,K4
6,2 - Addition und Subtraktion von Brüchen,2.2 - Addieren und Subtrahieren ungleichnahmiger Brüche,22,,AFB_II,Ja,K3
6,2 - Addition und Subtraktion von Brüchen,2.2 - Addieren und Subtrahieren ungleichnahmiger Brüche,23,,AFB_II,,K2
6,2 - Addition und Subtraktion von Brüchen,2.2 - Addieren und Subtrahieren ungleichnahmiger Brüche,24,,AFB_II,,K1
6,2 - Addition und Subtraktion von Brüchen,2.2 - Addieren und Subtrahieren ungleichnahmiger Brüche,25,,AFB_II,,K2 K5
6,2 - Addition und Subtraktion von Brüchen,2.2 - Addieren und Subtrahieren ungleichnahmiger Brüche,26,,AFB_II,,K2 K3
6,2 - Addition und Subtraktion von Brüchen,2.2 - Addieren und Subtrahieren ungleichnahmiger Brüche,27,,AFB_II,Ja,K6
6,2 - Addition und Subtraktion von Brüchen,2.2 - Addieren und Subtrahieren ungleichnahmiger Brüche,28,,AFB_II,Ja,K5
6,2 - Addition und Subtraktion von Brüchen,2.2 - Addieren und Subtrahieren ungleichnahmiger Brüche,29,,AFB_II,Ja,K2
6,2 - Addition und Subtraktion von Brüchen,2.2 - Addieren und Subtrahieren ungleichnahmiger Brüche,30,,AFB_II,,K2
6,2 - Addition und Subtraktion von Brüchen,2.2 - Addieren und Subtrahieren ungleichnahmiger Brüche,31,,AFB_II,,K2
6,2 - Addition und Subtraktion von Brüchen,2.2 - Addieren und Subtrahieren ungleichnahmiger Brüche,32,,AFB_II,,K1 K5
6,2 - Addition und Subtraktion von Brüchen,2.2 - Addieren und Subtrahieren ungleichnahmiger Brüche,33,,AFB_II,,K5
6,2 - Addition und Subtraktion von Brüchen,2.3 - Addieren und Subtrahieren gemischter Zahlen,1,,AFB_II,Ja,K5
6,2 - Addition und Subtraktion von Brüchen,2.3 - Addieren und Subtrahieren gemischter Zahlen,2,,AFB_II,,K2 K5
6,2 - Addition und Subtraktion von Brüchen,2.3 - Addieren und Subtrahieren gemischter Zahlen,3,,AFB_II,Ja,K4 K5
6,2 - Addition und Subtraktion von Brüchen,2.3 - Addieren und Subtrahieren gemischter Zahlen,4,,AFB_II,,K5 K6
6,2 - Addition und Subtraktion von Brüchen,2.3 - Addieren und Subtrahieren gemischter Zahlen,5,,AFB_II,Ja,K3 K5
6,2 - Addition und Subtraktion von Brüchen,2.3 - Addieren und Subtrahieren gemischter Zahlen,6,,AFB_II,Ja,K5
6,2 - Addition und Subtraktion von Brüchen,2.3 - Addieren und Subtrahieren gemischter Zahlen,7,,AFB_II,Ja,K3 K5
6,2 - Addition und Subtraktion von Brüchen,2.3 - Addieren und Subtrahieren gemischter Zahlen,8,,AFB_II,Ja,K6
6,2 - Addition und Subtraktion von Brüchen,2.3 - Addieren und Subtrahieren gemischter Zahlen,9,,AFB_II,Ja,K2 K5
6,2 - Addition und Subtraktion von Brüchen,2.3 - Addieren und Subtrahieren gemischter Zahlen,10,,AFB_II,Ja,K2 K3 K5
6,2 - Addition und Subtraktion von Brüchen,2.3 - Addieren und Subtrahieren gemischter Zahlen,11,,AFB_II,,K2 K5
6,2 - Addition und Subtraktion von Brüchen,2.3 - Addieren und Subtrahieren gemischter Zahlen,12,,AFB_II,,K5 K6
6,2 - Addition und Subtraktion von Brüchen,2.3 - Addieren und Subtrahieren gemischter Zahlen,13,,AFB_II,,K1
6,2 - Addition und Subtraktion von Brüchen,2.3 - Addieren und Subtrahieren gemischter Zahlen,14,,AFB_II,Ja,K1 K5
6,2 - Addition und Subtraktion von Brüchen,2.3 - Addieren und Subtrahieren gemischter Zahlen,15,,AFB_II,Ja,
6,2 - Addition und Subtraktion von Brüchen,2.3 - Addieren und Subtrahieren gemischter Zahlen,16,,AFB_II,,K2 K5
6,2 - Addition und Subtraktion von Brüchen,2.3 - Addieren und Subtrahieren gemischter Zahlen,17,,AFB_II,,K1 K4
6,2 - Addition und Subtraktion von Brüchen,2.4 - Addieren und Subtrahieren von Dezimalbrüchen,1,,AFB_II,Ja,K5
6,2 - Addition und Subtraktion von Brüchen,2.4 - Addieren und Subtrahieren von Dezimalbrüchen,2,,AFB_II,Ja,K5
6,2 - Addition und Subtraktion von Brüchen,2.4 - Addieren und Subtrahieren von Dezimalbrüchen,3,,AFB_II,,K1 K5
6,2 - Addition und Subtraktion von Brüchen,2.4 - Addieren und Subtrahieren von Dezimalbrüchen,4,,AFB_II,Ja,K2 K3 K5
6,2 - Addition und Subtraktion von Brüchen,2.4 - Addieren und Subtrahieren von Dezimalbrüchen,5,,AFB_II,,K4
6,2 - Addition und Subtraktion von Brüchen,2.4 - Addieren und Subtrahieren von Dezimalbrüchen,6,,AFB_II,Ja,K1 K6
6,2 - Addition und Subtraktion von Brüchen,2.4 - Addieren und Subtrahieren von Dezimalbrüchen,7,,AFB_II,Ja,K5
6,2 - Addition und Subtraktion von Brüchen,2.4 - Addieren und Subtrahieren von Dezimalbrüchen,8,,AFB_II,Ja,K3 K5
6,2 - Addition und Subtraktion von Brüchen,2.4 - Addieren und Subtrahieren von Dezimalbrüchen,9,,AFB_II,,K2
6,2 - Addition und Subtraktion von Brüchen,2.4 - Addieren und Subtrahieren von Dezimalbrüchen,10,,AFB_II,,K5
6,2 - Addition und Subtraktion von Brüchen,2.4 - Addieren und Subtrahieren von Dezimalbrüchen,11,,AFB_II,,K1 K6
6,2 - Addition und Subtraktion von Brüchen,2.4 - Addieren und Subtrahieren von Dezimalbrüchen,12,,AFB_II,,K1
6,2 - Addition und Subtraktion von Brüchen,2.4 - Addieren und Subtrahieren von Dezimalbrüchen,13,,AFB_II,,K1 K4
6,2 - Addition und Subtraktion von Brüchen,2.4 - Addieren und Subtrahieren von Dezimalbrüchen,14,,AFB_II,,K4 K6
6,2 - Addition und Subtraktion von Brüchen,2.4 - Addieren und Subtrahieren von Dezimalbrüchen,15,,AFB_II,,K3 K5
6,2 - Addition und Subtraktion von Brüchen,2.4 - Addieren und Subtrahieren von Dezimalbrüchen,16,,AFB_II,Ja,K4 K5
6,2 - Addition und Subtraktion von Brüchen,2.4 - Addieren und Subtrahieren von Dezimalbrüchen,17,,AFB_II,Ja,K1 K2 K3 K5
6,2 - Addition und Subtraktion von Brüchen,2.4 - Addieren und Subtrahieren von Dezimalbrüchen,18,,AFB_II,,K2
6,2 - Addition und Subtraktion von Brüchen,2.4 - Addieren und Subtrahieren von Dezimalbrüchen,19,,AFB_II,Ja,K2
6,2 - Addition und Subtraktion von Brüchen,2.4 - Addieren und Subtrahieren von Dezimalbrüchen,20,,AFB_II,Ja,K1 K2
6,2 - Addition und Subtraktion von Brüchen,2.4 - Addieren und Subtrahieren von Dezimalbrüchen,21,,AFB_II,,K2
6,2 - Addition und Subtraktion von Brüchen,2.4 - Addieren und Subtrahieren von Dezimalbrüchen,22,,AFB_II,,K2 K6
6,2 - Addition und Subtraktion von Brüchen,2.4 - Addieren und Subtrahieren von Dezimalbrüchen,23,,AFB_II,,K5
6,2 - Addition und Subtraktion von Brüchen,Wiederholen,1,,AFB_II,,K5
6,2 - Addition und Subtraktion von Brüchen,Wiederholen,2,,AFB_II,,K4 K5 K6
6,2 - Addition und Subtraktion von Brüchen,Wiederholen,3,,AFB_II,,K5 K6
6,2 - Addition und Subtraktion von Brüchen,Wiederholen,4,,AFB_II,,K3 K5
6,2 - Addition und Subtraktion von Brüchen,Wiederholen,5,,AFB_II,,K1 K3
6,2 - Addition und Subtraktion von Brüchen,Wiederholen,6,,AFB_II,,K2 K5
6,2 - Addition und Subtraktion von Brüchen,Wiederholen,7,,AFB_II,,K1 K2 K6
6,2 - Addition und Subtraktion von Brüchen,Wiederholen,8,,AFB_II,,K2 K5
6,2 - Addition und Subtraktion von Brüchen,Wiederholen,9a,,AFB_II,,K2 K4 K6
6,2 - Addition und Subtraktion von Brüchen,Wiederholen,9b,,AFB_II,,K2 K4
6,2 - Addition und Subtraktion von Brüchen,Wiederholen,10,,AFB_II,,K1 K4 K5
6,2 - Addition und Subtraktion von Brüchen,Wiederholen,11,,AFB_II,,K2 K6
6,2 - Addition und Subtraktion von Brüchen,Wiederholen,12,,AFB_II,,K1 K2 K4
6,2 - Addition und Subtraktion von Brüchen,Wiederholen,13,,AFB_II,,K1 K2
6,2 - Addition und Subtraktion von Brüchen,Teste Dich!,1,Teste dich,AFB_II,,K5
6,2 - Addition und Subtraktion von Brüchen,Teste Dich!,2,Teste dich,AFB_II,,K6
6,2 - Addition und Subtraktion von Brüchen,Teste Dich!,3a,Teste dich,AFB_II,,K3 K5
6,2 - Addition und Subtraktion von Brüchen,Teste Dich!,3b,Teste dich,AFB_II,,K1 K2
6,2 - Addition und Subtraktion von Brüchen,Teste Dich!,4,Teste dich,AFB_II,,K5
6,2 - Addition und Subtraktion von Brüchen,Teste Dich!,5,Teste dich,AFB_II,,K1 K6
6,2 - Addition und Subtraktion von Brüchen,Teste Dich!,6,Teste dich,AFB_II,,K4 K6
6,2 - Addition und Subtraktion von Brüchen,Teste Dich!,7,Teste dich,AFB_II,,K1 K2 K5
6,2 - Addition und Subtraktion von Brüchen,Teste Dich!,8,Teste dich,AFB_II,,K2 K5
6,2 - Addition und Subtraktion von Brüchen,Teste Dich!,9,Teste dich,AFB_II,,K2 K3
6,3 - Multiplikation und Division von Brüchen,3.1 - Vervielfachen und Teilen von Brüchen (4 Aufgaben),1,,AFB_I,Ja,K5
6,3 - Multiplikation und Division von Brüchen,3.1 - Vervielfachen und Teilen von Brüchen (4 Aufgaben),2,,AFB_I,Ja,K5
6,3 - Multiplikation und Division von Brüchen,3.1 - Vervielfachen und Teilen von Brüchen (4 Aufgaben),3,,AFB_I,Ja,K3
6,3 - Multiplikation und Division von Brüchen,3.1 - Vervielfachen und Teilen von Brüchen (4 Aufgaben),4,,AFB_I,,K2 K6
6,3 - Multiplikation und Division von Brüchen,3.1 - Vervielfachen und Teilen von Brüchen (4 Aufgaben),5,,AFB_I,Ja,K5
6,3 - Multiplikation und Division von Brüchen,3.1 - Vervielfachen und Teilen von Brüchen (4 Aufgaben),6,,AFB_I,Ja,K2
6,3 - Multiplikation und Division von Brüchen,3.1 - Vervielfachen und Teilen von Brüchen (4 Aufgaben),7,,AFB_I,,K3
6,3 - Multiplikation und Division von Brüchen,3.1 - Vervielfachen und Teilen von Brüchen (4 Aufgaben),8,,AFB_I,Ja,K5 K6
6,3 - Multiplikation und Division von Brüchen,3.1 - Vervielfachen und Teilen von Brüchen (4 Aufgaben),9,Teste dich,AFB_II,Ja,K5
6,3 - Multiplikation und Division von Brüchen,3.1 - Vervielfachen und Teilen von Brüchen (4 Aufgaben),10,Teste dich,AFB_II,Ja,K3
6,3 - Multiplikation und Division von Brüchen,3.1 - Vervielfachen und Teilen von Brüchen (4 Aufgaben),11,,AFB_II,,K1 K4 K6
6,3 - Multiplikation und Division von Brüchen,3.1 - Vervielfachen und Teilen von Brüchen (4 Aufgaben),12,,AFB_II,,K2 K4
6,3 - Multiplikation und Division von Brüchen,3.1 - Vervielfachen und Teilen von Brüchen (4 Aufgaben),13,,AFB_II,Ja,K5
6,3 - Multiplikation und Division von Brüchen,3.1 - Vervielfachen und Teilen von Brüchen (4 Aufgaben),14,,AFB_II,,K2
6,3 - Multiplikation und Division von Brüchen,3.1 - Vervielfachen und Teilen von Brüchen (4 Aufgaben),15,,AFB_II,,K2
6,3 - Multiplikation und Division von Brüchen,3.1 - Vervielfachen und Teilen von Brüchen (4 Aufgaben),16,,AFB_II,Ja,K5
6,3 - Multiplikation und Division von Brüchen,3.1 - Vervielfachen und Teilen von Brüchen (4 Aufgaben),17,,AFB_II,,K3
6,3 - Multiplikation und Division von Brüchen,3.1 - Vervielfachen und Teilen von Brüchen (4 Aufgaben),18,,AFB_II,Ja,K1 K3
6,3 - Multiplikation und Division von Brüchen,3.1 - Vervielfachen und Teilen von Brüchen (4 Aufgaben),19,,AFB_II,Ja,K3
6,3 - Multiplikation und Division von Brüchen,3.1 - Vervielfachen und Teilen von Brüchen (4 Aufgaben),20,Teste dich,AFB_II,Ja,K2
6,3 - Multiplikation und Division von Brüchen,3.1 - Vervielfachen und Teilen von Brüchen (4 Aufgaben),21,Teste dich,AFB_II,Ja,K1 K3
6,3 - Multiplikation und Division von Brüchen,3.1 - Vervielfachen und Teilen von Brüchen (4 Aufgaben),22,,AFB_III,,K2 K3
6,3 - Multiplikation und Division von Brüchen,3.1 - Vervielfachen und Teilen von Brüchen (4 Aufgaben),23,Grundwissen,AFB_II,,K5
6,3 - Multiplikation und Division von Brüchen,3.2 - Multiplizieren von Brüchen (6 Aufgaben),1,,AFB_I,Ja,K5
6,3 - Multiplikation und Division von Brüchen,3.2 - Multiplizieren von Brüchen (6 Aufgaben),2,,AFB_I,Ja,K5
6,3 - Multiplikation und Division von Brüchen,3.2 - Multiplizieren von Brüchen (6 Aufgaben),3,,AFB_I,Ja,K2 K6
6,3 - Multiplikation und Division von Brüchen,3.2 - Multiplizieren von Brüchen (6 Aufgaben),4,,AFB_I,,K2 K4 K6
6,3 - Multiplikation und Division von Brüchen,3.2 - Multiplizieren von Brüchen (6 Aufgaben),5,,AFB_I,,K2 K4 K6
6,3 - Multiplikation und Division von Brüchen,3.2 - Multiplizieren von Brüchen (6 Aufgaben),6,,AFB_I,,K2 K6
6,3 - Multiplikation und Division von Brüchen,3.2 - Multiplizieren von Brüchen (6 Aufgaben),7,,AFB_I,Ja,K3
6,3 - Multiplikation und Division von Brüchen,3.2 - Multiplizieren von Brüchen (6 Aufgaben),8,,AFB_I,,K3 K6
6,3 - Multiplikation und Division von Brüchen,3.2 - Multiplizieren von Brüchen (6 Aufgaben),9,,AFB_I,Ja,K3
6,3 - Multiplikation und Division von Brüchen,3.2 - Multiplizieren von Brüchen (6 Aufgaben),10,Teste dich,AFB_II,Ja,K5
6,3 - Multiplikation und Division von Brüchen,3.2 - Multiplizieren von Brüchen (6 Aufgaben),11,Teste dich,AFB_II,Ja,K1 K4 K6
6,3 - Multiplikation und Division von Brüchen,3.2 - Multiplizieren von Brüchen (6 Aufgaben),12,Teste dich,AFB_II,Ja,K2
6,3 - Multiplikation und Division von Brüchen,3.2 - Multiplizieren von Brüchen (6 Aufgaben),13,,AFB_II,Ja,K2 K4
6,3 - Multiplikation und Division von Brüchen,3.2 - Multiplizieren von Brüchen (6 Aufgaben),14,,AFB_II,,K5
6,3 - Multiplikation und Division von Brüchen,3.2 - Multiplizieren von Brüchen (6 Aufgaben),15,,AFB_II,Ja,K5
6,3 - Multiplikation und Division von Brüchen,3.2 - Multiplizieren von Brüchen (6 Aufgaben),16,,AFB_II,,K1 K5 K6
6,3 - Multiplikation und Division von Brüchen,3.2 - Multiplizieren von Brüchen (6 Aufgaben),17,,AFB_II,,K4 K5
6,3 - Multiplikation und Division von Brüchen,3.2 - Multiplizieren von Brüchen (6 Aufgaben),18,,AFB_II,,K1
6,3 - Multiplikation und Division von Brüchen,3.2 - Multiplizieren von Brüchen (6 Aufgaben),19,,AFB_II,,K1 K5
6,3 - Multiplikation und Division von Brüchen,3.2 - Multiplizieren von Brüchen (6 Aufgaben),20,,AFB_II,Ja,K2
6,3 - Multiplikation und Division von Brüchen,3.2 - Multiplizieren von Brüchen (6 Aufgaben),21,,AFB_II,,K3
6,3 - Multiplikation und Division von Brüchen,3.2 - Multiplizieren von Brüchen (6 Aufgaben),22,,AFB_II,Ja,K2
6,3 - Multiplikation und Division von Brüchen,3.2 - Multiplizieren von Brüchen (6 Aufgaben),23,Teste dich,AFB_II,Ja,K2 K4
6,3 - Multiplikation und Division von Brüchen,3.2 - Multiplizieren von Brüchen (6 Aufgaben),24,Teste dich,AFB_II,Ja,K3
6,3 - Multiplikation und Division von Brüchen,3.2 - Multiplizieren von Brüchen (6 Aufgaben),25,,AFB_III,,K2
6,3 - Multiplikation und Division von Brüchen,3.2 - Multiplizieren von Brüchen (6 Aufgaben),26,Grundwissen,AFB_II,,K2
6,3 - Multiplikation und Division von Brüchen,3.3 - Dividieren von Brüchen (6 Aufgaben),1,,AFB_I,Ja,K6
6,3 - Multiplikation und Division von Brüchen,3.3 - Dividieren von Brüchen (6 Aufgaben),2,,AFB_I,Ja,K5
6,3 - Multiplikation und Division von Brüchen,3.3 - Dividieren von Brüchen (6 Aufgaben),3,,AFB_I,Ja,K5
6,3 - Multiplikation und Division von Brüchen,3.3 - Dividieren von Brüchen (6 Aufgaben),4,,AFB_I,,K2
6,3 - Multiplikation und Division von Brüchen,3.3 - Dividieren von Brüchen (6 Aufgaben),5,,AFB_I,Ja,K3
6,3 - Multiplikation und Division von Brüchen,3.3 - Dividieren von Brüchen (6 Aufgaben),6,,AFB_I,,K5
6,3 - Multiplikation und Division von Brüchen,3.3 - Dividieren von Brüchen (6 Aufgaben),7,,AFB_I,,K1 K2
6,3 - Multiplikation und Division von Brüchen,3.3 - Dividieren von Brüchen (6 Aufgaben),8,,AFB_I,Ja,K3 K6
6,3 - Multiplikation und Division von Brüchen,3.3 - Dividieren von Brüchen (6 Aufgaben),9,Teste dich,AFB_II,Ja,K5 K6
6,3 - Multiplikation und Division von Brüchen,3.3 - Dividieren von Brüchen (6 Aufgaben),10,Teste dich,AFB_II,Ja,K5
6,3 - Multiplikation und Division von Brüchen,3.3 - Dividieren von Brüchen (6 Aufgaben),11,,AFB_II,Ja,K4
6,3 - Multiplikation und Division von Brüchen,3.3 - Dividieren von Brüchen (6 Aufgaben),12,,AFB_II,Ja,K2 K5
6,3 - Multiplikation und Division von Brüchen,3.3 - Dividieren von Brüchen (6 Aufgaben),13,,AFB_II,,K2 K6
6,3 - Multiplikation und Division von Brüchen,3.3 - Dividieren von Brüchen (6 Aufgaben),14,,AFB_II,,K2 K4
6,3 - Multiplikation und Division von Brüchen,3.3 - Dividieren von Brüchen (6 Aufgaben),15,,AFB_II,Ja,K2 K6
6,3 - Multiplikation und Division von Brüchen,3.3 - Dividieren von Brüchen (6 Aufgaben),16,,AFB_II,,K2 K4
6,3 - Multiplikation und Division von Brüchen,3.3 - Dividieren von Brüchen (6 Aufgaben),17,,AFB_II,,K2
6,3 - Multiplikation und Division von Brüchen,3.3 - Dividieren von Brüchen (6 Aufgaben),18,,AFB_II,Ja,K2
6,3 - Multiplikation und Division von Brüchen,3.3 - Dividieren von Brüchen (6 Aufgaben),19,,AFB_II,Ja,K2 K3
6,3 - Multiplikation und Division von Brüchen,3.3 - Dividieren von Brüchen (6 Aufgaben),20,,AFB_II,,K3
6,3 - Multiplikation und Division von Brüchen,3.3 - Dividieren von Brüchen (6 Aufgaben),21,Teste dich,AFB_II,Ja,K2 K5
6,3 - Multiplikation und Division von Brüchen,3.3 - Dividieren von Brüchen (6 Aufgaben),22,Teste dich,AFB_II,Ja,K2
6,3 - Multiplikation und Division von Brüchen,3.3 - Dividieren von Brüchen (6 Aufgaben),23,Teste dich,AFB_II,Ja,K1 K2
6,3 - Multiplikation und Division von Brüchen,3.3 - Dividieren von Brüchen (6 Aufgaben),24,,AFB_III,,K3
6,3 - Multiplikation und Division von Brüchen,3.3 - Dividieren von Brüchen (6 Aufgaben),25,Grundwissen,AFB_II,,K1 K4
6,3 - Multiplikation und Division von Brüchen,3.3 - Dividieren von Brüchen (6 Aufgaben),26,Grundwissen,AFB_II,,
6,3 - Multiplikation und Division von Brüchen,3.4 - Dezimalbrüche und Zehnerpotzen (3 Aufgaben),1,,AFB_I,Ja,K5
6,3 - Multiplikation und Division von Brüchen,3.4 - Dezimalbrüche und Zehnerpotzen (3 Aufgaben),2,,AFB_I,Ja,K2
6,3 - Multiplikation und Division von Brüchen,3.4 - Dezimalbrüche und Zehnerpotzen (3 Aufgaben),3,,AFB_I,,K4
6,3 - Multiplikation und Division von Brüchen,3.4 - Dezimalbrüche und Zehnerpotzen (3 Aufgaben),4,Teste dich,AFB_II,Ja,K2 K4
6,3 - Multiplikation und Division von Brüchen,3.4 - Dezimalbrüche und Zehnerpotzen (3 Aufgaben),5,Teste dich,AFB_II,Ja,K6
6,3 - Multiplikation und Division von Brüchen,3.4 - Dezimalbrüche und Zehnerpotzen (3 Aufgaben),6,,AFB_II,Ja,K2 K6
6,3 - Multiplikation und Division von Brüchen,3.4 - Dezimalbrüche und Zehnerpotzen (3 Aufgaben),7,,AFB_II,,K2 K6
6,3 - Multiplikation und Division von Brüchen,3.4 - Dezimalbrüche und Zehnerpotzen (3 Aufgaben),8,,AFB_II,Ja,K2 K4
6,3 - Multiplikation und Division von Brüchen,3.4 - Dezimalbrüche und Zehnerpotzen (3 Aufgaben),9,,AFB_II,Ja,K3 K5
6,3 - Multiplikation und Division von Brüchen,3.4 - Dezimalbrüche und Zehnerpotzen (3 Aufgaben),10,,AFB_II,,K3
6,3 - Multiplikation und Division von Brüchen,3.4 - Dezimalbrüche und Zehnerpotzen (3 Aufgaben),11,Teste dich,AFB_II,Ja,K2
6,3 - Multiplikation und Division von Brüchen,3.4 - Dezimalbrüche und Zehnerpotzen (3 Aufgaben),12,Teste dich,AFB_II,Ja,K2 K4
6,3 - Multiplikation und Division von Brüchen,3.4 - Dezimalbrüche und Zehnerpotzen (3 Aufgaben),13,,AFB_III,,K2 K3
6,3 - Multiplikation und Division von Brüchen,3.4 - Dezimalbrüche und Zehnerpotzen (3 Aufgaben),14,Grundwissen,AFB_II,,K5
6,3 - Multiplikation und Division von Brüchen,3.5 - Multiplizieren von Dezimalbrüchen (4 Aufgaben),1,,AFB_I,Ja,K5
6,3 - Multiplikation und Division von Brüchen,3.5 - Multiplizieren von Dezimalbrüchen (4 Aufgaben),2,,AFB_I,,K5
6,3 - Multiplikation und Division von Brüchen,3.5 - Multiplizieren von Dezimalbrüchen (4 Aufgaben),3,,AFB_I,,K5
6,3 - Multiplikation und Division von Brüchen,3.5 - Multiplizieren von Dezimalbrüchen (4 Aufgaben),4,,AFB_I,Ja,K6
6,3 - Multiplikation und Division von Brüchen,3.5 - Multiplizieren von Dezimalbrüchen (4 Aufgaben),5,,AFB_I,Ja,K5
6,3 - Multiplikation und Division von Brüchen,3.5 - Multiplizieren von Dezimalbrüchen (4 Aufgaben),6,,AFB_I,Ja,K2 K6
6,3 - Multiplikation und Division von Brüchen,3.5 - Multiplizieren von Dezimalbrüchen (4 Aufgaben),7,,AFB_I,,K3
6,3 - Multiplikation und Division von Brüchen,3.5 - Multiplizieren von Dezimalbrüchen (4 Aufgaben),8,Teste dich,AFB_II,Ja,K5
6,3 - Multiplikation und Division von Brüchen,3.5 - Multiplizieren von Dezimalbrüchen (4 Aufgaben),9,Teste dich,AFB_II,Ja,K3
6,3 - Multiplikation und Division von Brüchen,3.5 - Multiplizieren von Dezimalbrüchen (4 Aufgaben),10,,AFB_II,Ja,K3
6,3 - Multiplikation und Division von Brüchen,3.5 - Multiplizieren von Dezimalbrüchen (4 Aufgaben),11,,AFB_II,Ja,K1 K2 K6
6,3 - Multiplikation und Division von Brüchen,3.5 - Multiplizieren von Dezimalbrüchen (4 Aufgaben),12,,AFB_II,,K2
6,3 - Multiplikation und Division von Brüchen,3.5 - Multiplizieren von Dezimalbrüchen (4 Aufgaben),13,,AFB_II,,K2 K3
6,3 - Multiplikation und Division von Brüchen,3.5 - Multiplizieren von Dezimalbrüchen (4 Aufgaben),14,,AFB_II,Ja,K2 K4
6,3 - Multiplikation und Division von Brüchen,3.5 - Multiplizieren von Dezimalbrüchen (4 Aufgaben),15,,AFB_II,,K2 K6
6,3 - Multiplikation und Division von Brüchen,3.5 - Multiplizieren von Dezimalbrüchen (4 Aufgaben),16,,AFB_II,Ja,K2 K4
6,3 - Multiplikation und Division von Brüchen,3.5 - Multiplizieren von Dezimalbrüchen (4 Aufgaben),17,,AFB_II,Ja,K2 K3
6,3 - Multiplikation und Division von Brüchen,3.5 - Multiplizieren von Dezimalbrüchen (4 Aufgaben),18,,AFB_II,,K2 K5
6,3 - Multiplikation und Division von Brüchen,3.5 - Multiplizieren von Dezimalbrüchen (4 Aufgaben),19,,AFB_II,Ja,K1 K3 K6
6,3 - Multiplikation und Division von Brüchen,3.5 - Multiplizieren von Dezimalbrüchen (4 Aufgaben),20,,AFB_II,,K2 K3
6,3 - Multiplikation und Division von Brüchen,3.5 - Multiplizieren von Dezimalbrüchen (4 Aufgaben),21,Teste dich,AFB_II,Ja,K5
6,3 - Multiplikation und Division von Brüchen,3.5 - Multiplizieren von Dezimalbrüchen (4 Aufgaben),22,Teste dich,AFB_II,Ja,K3
6,3 - Multiplikation und Division von Brüchen,3.5 - Multiplizieren von Dezimalbrüchen (4 Aufgaben),23,,AFB_III,Ja,K1 K2
6,3 - Multiplikation und Division von Brüchen,3.5 - Multiplizieren von Dezimalbrüchen (4 Aufgaben),24,,AFB_III,,K1 K3 K6
6,3 - Multiplikation und Division von Brüchen,3.5 - Multiplizieren von Dezimalbrüchen (4 Aufgaben),25,Grundwissen,AFB_II,,K4
6,3 - Multiplikation und Division von Brüchen,3.6 - Dividieren von Dezimalbrüchen (4 Aufgaben),1,,AFB_I,Ja,K5
6,3 - Multiplikation und Division von Brüchen,3.6 - Dividieren von Dezimalbrüchen (4 Aufgaben),2,,AFB_I,Ja,K5
6,3 - Multiplikation und Division von Brüchen,3.6 - Dividieren von Dezimalbrüchen (4 Aufgaben),3,,AFB_I,Ja,K2 K3
6,3 - Multiplikation und Division von Brüchen,3.6 - Dividieren von Dezimalbrüchen (4 Aufgaben),4,,AFB_I,,K1 K3
6,3 - Multiplikation und Division von Brüchen,3.6 - Dividieren von Dezimalbrüchen (4 Aufgaben),5,,AFB_I,Ja,K2 K6
6,3 - Multiplikation und Division von Brüchen,3.6 - Dividieren von Dezimalbrüchen (4 Aufgaben),6,,AFB_I,Ja,K5
6,3 - Multiplikation und Division von Brüchen,3.6 - Dividieren von Dezimalbrüchen (4 Aufgaben),7,,AFB_I,Ja,K5
6,3 - Multiplikation und Division von Brüchen,3.6 - Dividieren von Dezimalbrüchen (4 Aufgaben),8,,AFB_I,,K1
6,3 - Multiplikation und Division von Brüchen,3.6 - Dividieren von Dezimalbrüchen (4 Aufgaben),9,,AFB_I,,K3 K4
6,3 - Multiplikation und Division von Brüchen,3.6 - Dividieren von Dezimalbrüchen (4 Aufgaben),10,Teste dich,AFB_II,Ja,K5
6,3 - Multiplikation und Division von Brüchen,3.6 - Dividieren von Dezimalbrüchen (4 Aufgaben),11,Teste dich,AFB_II,Ja,K2
6,3 - Multiplikation und Division von Brüchen,3.6 - Dividieren von Dezimalbrüchen (4 Aufgaben),12,,AFB_II,,K2
6,3 - Multiplikation und Division von Brüchen,3.6 - Dividieren von Dezimalbrüchen (4 Aufgaben),13,,AFB_II,Ja,K2 K4 K6
6,3 - Multiplikation und Division von Brüchen,3.6 - Dividieren von Dezimalbrüchen (4 Aufgaben),14,,AFB_II,,K1 K6
6,3 - Multiplikation und Division von Brüchen,3.6 - Dividieren von Dezimalbrüchen (4 Aufgaben),15,,AFB_II,,K2
6,3 - Multiplikation und Division von Brüchen,3.6 - Dividieren von Dezimalbrüchen (4 Aufgaben),16,,AFB_II,,K2
6,3 - Multiplikation und Division von Brüchen,3.6 - Dividieren von Dezimalbrüchen (4 Aufgaben),17,,AFB_II,,K2 K3
6,3 - Multiplikation und Division von Brüchen,3.6 - Dividieren von Dezimalbrüchen (4 Aufgaben),18,,AFB_II,Ja,K2 K4
6,3 - Multiplikation und Division von Brüchen,3.6 - Dividieren von Dezimalbrüchen (4 Aufgaben),19,,AFB_II,Ja,K4 K5
6,3 - Multiplikation und Division von Brüchen,3.6 - Dividieren von Dezimalbrüchen (4 Aufgaben),20,,AFB_II,,K4 K5
6,3 - Multiplikation und Division von Brüchen,3.6 - Dividieren von Dezimalbrüchen (4 Aufgaben),21,,AFB_II,Ja,K2
6,3 - Multiplikation und Division von Brüchen,3.6 - Dividieren von Dezimalbrüchen (4 Aufgaben),22,,AFB_II,Ja,K1 K3
6,3 - Multiplikation und Division von Brüchen,3.6 - Dividieren von Dezimalbrüchen (4 Aufgaben),23,,AFB_II,,K3 K6
6,3 - Multiplikation und Division von Brüchen,3.6 - Dividieren von Dezimalbrüchen (4 Aufgaben),24,,AFB_II,,K3 K6
6,3 - Multiplikation und Division von Brüchen,3.6 - Dividieren von Dezimalbrüchen (4 Aufgaben),25,,AFB_II,Ja,K3
6,3 - Multiplikation und Division von Brüchen,3.6 - Dividieren von Dezimalbrüchen (4 Aufgaben),26,,AFB_II,Ja,K5
6,3 - Multiplikation und Division von Brüchen,3.6 - Dividieren von Dezimalbrüchen (4 Aufgaben),27,Teste dich,AFB_II,Ja,K2 K4
6,3 - Multiplikation und Division von Brüchen,3.6 - Dividieren von Dezimalbrüchen (4 Aufgaben),28,Teste dich,AFB_II,Ja,K5
6,3 - Multiplikation und Division von Brüchen,3.6 - Dividieren von Dezimalbrüchen (4 Aufgaben),29,Teste dich,AFB_II,Ja,K2 K3
6,3 - Multiplikation und Division von Brüchen,3.6 - Dividieren von Dezimalbrüchen (4 Aufgaben),30,,AFB_III,Ja,K2 K3
6,3 - Multiplikation und Division von Brüchen,3.6 - Dividieren von Dezimalbrüchen (4 Aufgaben),31,,AFB_III,,K2
6,3 - Multiplikation und Division von Brüchen,3.6 - Dividieren von Dezimalbrüchen (4 Aufgaben),32,Grundwissen,AFB_II,,K4
6,3 - Multiplikation und Division von Brüchen,Wiederholen - Vertiefen - Verenetzen,1,,AFB_I,,K5
6,3 - Multiplikation und Division von Brüchen,Wiederholen - Vertiefen - Verenetzen,2,,AFB_I,,K5
6,3 - Multiplikation und Division von Brüchen,Wiederholen - Vertiefen - Verenetzen,3,,AFB_I,,
6,3 - Multiplikation und Division von Brüchen,Wiederholen - Vertiefen - Verenetzen,4,,AFB_I,,K3
6,3 - Multiplikation und Division von Brüchen,Wiederholen - Vertiefen - Verenetzen,5,,AFB_I,,K2 K6
6,3 - Multiplikation und Division von Brüchen,Wiederholen - Vertiefen - Verenetzen,6,,AFB_I,,K2
6,3 - Multiplikation und Division von Brüchen,Wiederholen - Vertiefen - Verenetzen,7,,AFB_I,,K2 K4
6,3 - Multiplikation und Division von Brüchen,Wiederholen - Vertiefen - Verenetzen,8,,AFB_I,,K5
6,3 - Multiplikation und Division von Brüchen,Wiederholen - Vertiefen - Verenetzen,9,,AFB_II,,K2
6,3 - Multiplikation und Division von Brüchen,Wiederholen - Vertiefen - Verenetzen,10,,AFB_II,,K1
6,3 - Multiplikation und Division von Brüchen,Wiederholen - Vertiefen - Verenetzen,11,,AFB_II,,K2
6,3 - Multiplikation und Division von Brüchen,Wiederholen - Vertiefen - Verenetzen,12,,AFB_II,,K2
6,3 - Multiplikation und Division von Brüchen,Wiederholen - Vertiefen - Verenetzen,13,,AFB_II,,K3
6,3 - Multiplikation und Division von Brüchen,Wiederholen - Vertiefen - Verenetzen,14,,AFB_II,,K2
6,3 - Multiplikation und Division von Brüchen,Wiederholen - Vertiefen - Verenetzen,15,,AFB_II,,K3
6,3 - Multiplikation und Division von Brüchen,Wiederholen - Vertiefen - Verenetzen,16,,AFB_II,,K1 K2 K4
6,3 - Multiplikation und Division von Brüchen,Wiederholen - Vertiefen - Verenetzen,17,,AFB_II,,K2 K3 K4
6,3 - Multiplikation und Division von Brüchen,Wiederholen - Vertiefen - Verenetzen,18,,AFB_III,,K2
6,3 - Multiplikation und Division von Brüchen,Wiederholen - Vertiefen - Verenetzen,19,,AFB_III,,K1 K3
6,3 - Multiplikation und Division von Brüchen,Wiederholen - Vertiefen - Verenetzen,20,,AFB_III,,K3
6,3 - Multiplikation und Division von Brüchen,Wiederholen - Vertiefen - Verenetzen,21,,AFB_III,,K2 K6
6,3 - Multiplikation und Division von Brüchen,Wiederholen - Vertiefen - Verenetzen,22,,AFB_III,,K2 K3 K4
6,3 - Multiplikation und Division von Brüchen,Teste dich,1,Teste dich,AFB_II,,K5
6,3 - Multiplikation und Division von Brüchen,Teste dich,2,Teste dich,AFB_II,,K2 K6
6,3 - Multiplikation und Division von Brüchen,Teste dich,3,Teste dich,AFB_II,,K5
6,3 - Multiplikation und Division von Brüchen,Teste dich,4,Teste dich,AFB_II,,K5
6,3 - Multiplikation und Division von Brüchen,Teste dich,5,Teste dich,AFB_II,,K4 K5 K6
6,3 - Multiplikation und Division von Brüchen,Teste dich,6,Teste dich,AFB_II,,K3
6,3 - Multiplikation und Division von Brüchen,Teste dich,7,Teste dich,AFB_II,,K2
6,3 - Multiplikation und Division von Brüchen,Teste dich,8,Teste dich,AFB_II,,K4 K5
6,3 - Multiplikation und Division von Brüchen,Teste dich,9,Teste dich,AFB_II,,K2 K3
6,3 - Multiplikation und Division von Brüchen,Teste dich,10,Teste dich,AFB_II,,K2 K3
6,3 - Multiplikation und Division von Brüchen,Teste dich,11,Teste dich,AFB_II,,K1 K2 K6
6,3 - Multiplikation und Division von Brüchen,Teste dich,12,Teste dich,AFB_II,,K3 K6
6,4 - Flächeninhalte,4.1 - Flächeninhalt eines Parallelogramms (4 Aufgaben),1,,AFB_I,Ja,K2
6,4 - Flächeninhalte,4.1 - Flächeninhalt eines Parallelogramms (4 Aufgaben),2,,AFB_I,Ja,K1 K4 K6
6,4 - Flächeninhalte,4.1 - Flächeninhalt eines Parallelogramms (4 Aufgaben),3,,AFB_I,,K2 K4 K5
6,4 - Flächeninhalte,4.1 - Flächeninhalt eines Parallelogramms (4 Aufgaben),4,,AFB_I,,K1 K5 K6
6,4 - Flächeninhalte,4.1 - Flächeninhalt eines Parallelogramms (4 Aufgaben),5,Teste dich,AFB_II,Ja,K2 K5 K6
6,4 - Flächeninhalte,4.1 - Flächeninhalt eines Parallelogramms (4 Aufgaben),6,,AFB_II,Ja,K2 K6
6,4 - Flächeninhalte,4.1 - Flächeninhalt eines Parallelogramms (4 Aufgaben),7,,AFB_II,Ja,K2 K5
6,4 - Flächeninhalte,4.1 - Flächeninhalt eines Parallelogramms (4 Aufgaben),8,,AFB_II,Ja,K2 K3 K4
6,4 - Flächeninhalte,4.1 - Flächeninhalt eines Parallelogramms (4 Aufgaben),9,,AFB_II,,K3 K4
6,4 - Flächeninhalte,4.1 - Flächeninhalt eines Parallelogramms (4 Aufgaben),10,,AFB_II,,K1
6,4 - Flächeninhalte,4.1 - Flächeninhalt eines Parallelogramms (4 Aufgaben),11,,AFB_II,Ja,K2 K4
6,4 - Flächeninhalte,4.1 - Flächeninhalt eines Parallelogramms (4 Aufgaben),12,,AFB_II,Ja,K2 K4 K5
6,4 - Flächeninhalte,4.1 - Flächeninhalt eines Parallelogramms (4 Aufgaben),13,,AFB_II,Ja,K2 K5
6,4 - Flächeninhalte,4.1 - Flächeninhalt eines Parallelogramms (4 Aufgaben),14,,AFB_II,,K2 K6
6,4 - Flächeninhalte,4.1 - Flächeninhalt eines Parallelogramms (4 Aufgaben),15,,AFB_II,Ja,K1 K6
6,4 - Flächeninhalte,4.1 - Flächeninhalt eines Parallelogramms (4 Aufgaben),16,Teste dich,AFB_II,Ja,K1 K4
6,4 - Flächeninhalte,4.1 - Flächeninhalt eines Parallelogramms (4 Aufgaben),17,Teste dich,AFB_II,Ja,K2 K5
6,4 - Flächeninhalte,4.1 - Flächeninhalt eines Parallelogramms (4 Aufgaben),18,,AFB_III,Ja,K2 K6
6,4 - Flächeninhalte,4.1 - Flächeninhalt eines Parallelogramms (4 Aufgaben),19,,AFB_III,,K1 K2
6,4 - Flächeninhalte,4.1 - Flächeninhalt eines Parallelogramms (4 Aufgaben),20,Grundwissen,AFB_II,,K2 K5
6,4 - Flächeninhalte,4.2 - Flächeninhalt eines Dreiecks (5 Aufgaben),1,,AFB_I,Ja,K5
6,4 - Flächeninhalte,4.2 - Flächeninhalt eines Dreiecks (5 Aufgaben),2,,AFB_I,Ja,K2
6,4 - Flächeninhalte,4.2 - Flächeninhalt eines Dreiecks (5 Aufgaben),3,,AFB_I,Ja,K2 K5
6,4 - Flächeninhalte,4.2 - Flächeninhalt eines Dreiecks (5 Aufgaben),4,,AFB_I,Ja,K1 K6
6,4 - Flächeninhalte,4.2 - Flächeninhalt eines Dreiecks (5 Aufgaben),5,,AFB_I,Ja,K2 K3
6,4 - Flächeninhalte,4.2 - Flächeninhalt eines Dreiecks (5 Aufgaben),6,,AFB_I,,K2 K6
6,4 - Flächeninhalte,4.2 - Flächeninhalt eines Dreiecks (5 Aufgaben),7,Teste dich,AFB_II,Ja,K2 K5
6,4 - Flächeninhalte,4.2 - Flächeninhalt eines Dreiecks (5 Aufgaben),8,Teste dich,AFB_II,Ja,K2 K5
6,4 - Flächeninhalte,4.2 - Flächeninhalt eines Dreiecks (5 Aufgaben),9,,AFB_II,,K4 K5
6,4 - Flächeninhalte,4.2 - Flächeninhalt eines Dreiecks (5 Aufgaben),10,,AFB_II,Ja,K1 K5
6,4 - Flächeninhalte,4.2 - Flächeninhalt eines Dreiecks (5 Aufgaben),11,,AFB_II,Ja,K2 K5
6,4 - Flächeninhalte,4.2 - Flächeninhalt eines Dreiecks (5 Aufgaben),12,,AFB_II,,K1 K2 K4
6,4 - Flächeninhalte,4.2 - Flächeninhalt eines Dreiecks (5 Aufgaben),13,,AFB_II,Ja,K2
6,4 - Flächeninhalte,4.2 - Flächeninhalt eines Dreiecks (5 Aufgaben),14,,AFB_II,Ja,K1
6,4 - Flächeninhalte,4.2 - Flächeninhalt eines Dreiecks (5 Aufgaben),15,,AFB_II,,K1 K5 K6
6,4 - Flächeninhalte,4.2 - Flächeninhalt eines Dreiecks (5 Aufgaben),16,,AFB_II,,K2 K5
6,4 - Flächeninhalte,4.2 - Flächeninhalt eines Dreiecks (5 Aufgaben),17,,AFB_II,,
6,4 - Flächeninhalte,4.2 - Flächeninhalt eines Dreiecks (5 Aufgaben),18,,AFB_II,Ja,K3
6,4 - Flächeninhalte,4.2 - Flächeninhalt eines Dreiecks (5 Aufgaben),19,,AFB_II,,K1 K5 K6
6,4 - Flächeninhalte,4.2 - Flächeninhalt eines Dreiecks (5 Aufgaben),20,,AFB_II,Ja,K1 K6
6,4 - Flächeninhalte,4.2 - Flächeninhalt eines Dreiecks (5 Aufgaben),21,,AFB_II,,K3 K6
6,4 - Flächeninhalte,4.2 - Flächeninhalt eines Dreiecks (5 Aufgaben),22,,AFB_II,,K2 K5
6,4 - Flächeninhalte,4.2 - Flächeninhalt eines Dreiecks (5 Aufgaben),23,Teste dich,AFB_II,Ja,K1 K5 K6
6,4 - Flächeninhalte,4.2 - Flächeninhalt eines Dreiecks (5 Aufgaben),24,Teste dich,AFB_II,Ja,K2 K6
6,4 - Flächeninhalte,4.2 - Flächeninhalt eines Dreiecks (5 Aufgaben),25,,AFB_III,,K1 K2 K3 K6
6,4 - Flächeninhalte,4.2 - Flächeninhalt eines Dreiecks (5 Aufgaben),26,,AFB_III,Ja,K4 K5
6,4 - Flächeninhalte,4.2 - Flächeninhalt eines Dreiecks (5 Aufgaben),27,Grundwissen,AFB_II,,K4 K5
6,4 - Flächeninhalte,4.2 - Flächeninhalt eines Dreiecks (5 Aufgaben),28,Grundwissen,AFB_II,,K5
6,4 - Flächeninhalte,4.3 - Flächeninhalt eines Trapezes (5 Aufgaben),1,,AFB_I,Ja,K2 K4
6,4 - Flächeninhalte,4.3 - Flächeninhalt eines Trapezes (5 Aufgaben),2,,AFB_I,Ja,K2 K5
6,4 - Flächeninhalte,4.3 - Flächeninhalt eines Trapezes (5 Aufgaben),3,,AFB_I,,K4 K5
6,4 - Flächeninhalte,4.3 - Flächeninhalt eines Trapezes (5 Aufgaben),4,Teste dich,AFB_II,Ja,K2 K4
6,4 - Flächeninhalte,4.3 - Flächeninhalt eines Trapezes (5 Aufgaben),5,,AFB_II,Ja,K2 K5
6,4 - Flächeninhalte,4.3 - Flächeninhalt eines Trapezes (5 Aufgaben),6,,AFB_II,Ja,K2 K5
6,4 - Flächeninhalte,4.3 - Flächeninhalt eines Trapezes (5 Aufgaben),7,,AFB_II,Ja,K1 K2
6,4 - Flächeninhalte,4.3 - Flächeninhalt eines Trapezes (5 Aufgaben),8,,AFB_II,,K1 K6
6,4 - Flächeninhalte,4.3 - Flächeninhalt eines Trapezes (5 Aufgaben),9,,AFB_II,Ja,K2 K5 K6
6,4 - Flächeninhalte,4.3 - Flächeninhalt eines Trapezes (5 Aufgaben),10,,AFB_II,Ja,K2 K6
6,4 - Flächeninhalte,4.3 - Flächeninhalt eines Trapezes (5 Aufgaben),11,,AFB_II,,K4 K6
6,4 - Flächeninhalte,4.3 - Flächeninhalt eines Trapezes (5 Aufgaben),12,,AFB_II,Ja,K2 K4
6,4 - Flächeninhalte,4.3 - Flächeninhalt eines Trapezes (5 Aufgaben),13,,AFB_II,,K2 K3 K4
6,4 - Flächeninhalte,4.3 - Flächeninhalt eines Trapezes (5 Aufgaben),14,,AFB_II,Ja,K3 K4
6,4 - Flächeninhalte,4.3 - Flächeninhalt eines Trapezes (5 Aufgaben),15,,AFB_II,,K1 K4 K5
6,4 - Flächeninhalte,4.3 - Flächeninhalt eines Trapezes (5 Aufgaben),16,,AFB_II,,K1 K3 K6
6,4 - Flächeninhalte,4.3 - Flächeninhalt eines Trapezes (5 Aufgaben),17,,AFB_II,,K1 K2
6,4 - Flächeninhalte,4.3 - Flächeninhalt eines Trapezes (5 Aufgaben),18,,AFB_II,Ja,K1 K6
6,4 - Flächeninhalte,4.3 - Flächeninhalt eines Trapezes (5 Aufgaben),19,,AFB_II,Ja,K4 K5
6,4 - Flächeninhalte,4.3 - Flächeninhalt eines Trapezes (5 Aufgaben),20,Teste dich,AFB_II,Ja,K2 K5 K6
6,4 - Flächeninhalte,4.3 - Flächeninhalt eines Trapezes (5 Aufgaben),21,Teste dich,AFB_II,Ja,K1 K2
6,4 - Flächeninhalte,4.3 - Flächeninhalt eines Trapezes (5 Aufgaben),22,,AFB_III,,K2 K5
6,4 - Flächeninhalte,4.3 - Flächeninhalt eines Trapezes (5 Aufgaben),23,,AFB_III,,K4 K5
6,4 - Flächeninhalte,4.3 - Flächeninhalt eines Trapezes (5 Aufgaben),24,Grundwissen,AFB_II,,K2 K5
6,4 - Flächeninhalte,4.3 - Flächeninhalt eines Trapezes (5 Aufgaben),25,Grundwissen,AFB_II,,K2
6,4 - Flächeninhalte,4.4 - Netz und Oberflächeninhalt (5 Aufgaben),1,,AFB_I,Ja,K2 K4 K6
6,4 - Flächeninhalte,4.4 - Netz und Oberflächeninhalt (5 Aufgaben),2,,AFB_I,,K5
6,4 - Flächeninhalte,4.4 - Netz und Oberflächeninhalt (5 Aufgaben),3,,AFB_I,Ja,K1 K2
6,4 - Flächeninhalte,4.4 - Netz und Oberflächeninhalt (5 Aufgaben),4,,AFB_I,,K4 K5
6,4 - Flächeninhalte,4.4 - Netz und Oberflächeninhalt (5 Aufgaben),5,,AFB_I,Ja,K3 K4
6,4 - Flächeninhalte,4.4 - Netz und Oberflächeninhalt (5 Aufgaben),6,,AFB_I,,K4 K5
6,4 - Flächeninhalte,4.4 - Netz und Oberflächeninhalt (5 Aufgaben),7,Teste dich,AFB_II,Ja,K1 K4 K5
6,4 - Flächeninhalte,4.4 - Netz und Oberflächeninhalt (5 Aufgaben),8,,AFB_II,,K1 K3
6,4 - Flächeninhalte,4.4 - Netz und Oberflächeninhalt (5 Aufgaben),9,,AFB_II,Ja,K2 K4
6,4 - Flächeninhalte,4.4 - Netz und Oberflächeninhalt (5 Aufgaben),10,,AFB_II,,K3 K5
6,4 - Flächeninhalte,4.4 - Netz und Oberflächeninhalt (5 Aufgaben),11,,AFB_II,Ja,K2 K6
6,4 - Flächeninhalte,4.4 - Netz und Oberflächeninhalt (5 Aufgaben),12,,AFB_II,Ja,K5
6,4 - Flächeninhalte,4.4 - Netz und Oberflächeninhalt (5 Aufgaben),13,,AFB_II,Ja,K2 K5 K6
6,4 - Flächeninhalte,4.4 - Netz und Oberflächeninhalt (5 Aufgaben),14,,AFB_II,Ja,K1
6,4 - Flächeninhalte,4.4 - Netz und Oberflächeninhalt (5 Aufgaben),15,,AFB_II,,K4 K5 K6
6,4 - Flächeninhalte,4.4 - Netz und Oberflächeninhalt (5 Aufgaben),16,,AFB_II,Ja,K5
6,4 - Flächeninhalte,4.4 - Netz und Oberflächeninhalt (5 Aufgaben),17,,AFB_II,,K2 K5
6,4 - Flächeninhalte,4.4 - Netz und Oberflächeninhalt (5 Aufgaben),18,,AFB_II,,K2
6,4 - Flächeninhalte,4.4 - Netz und Oberflächeninhalt (5 Aufgaben),19,,AFB_II,Ja,K1 K4 K6
6,4 - Flächeninhalte,4.4 - Netz und Oberflächeninhalt (5 Aufgaben),20,Teste dich,AFB_II,Ja,K1 K4 K5
6,4 - Flächeninhalte,4.4 - Netz und Oberflächeninhalt (5 Aufgaben),21,Teste dich,AFB_II,Ja,K2 K5
6,4 - Flächeninhalte,4.4 - Netz und Oberflächeninhalt (5 Aufgaben),22,,AFB_III,,K2 K5
6,4 - Flächeninhalte,4.4 - Netz und Oberflächeninhalt (5 Aufgaben),23,,AFB_III,,K5
6,4 - Flächeninhalte,4.4 - Netz und Oberflächeninhalt (5 Aufgaben),24,Grundwissen,AFB_II,,K5
6,4 - Flächeninhalte,4.4 - Netz und Oberflächeninhalt (5 Aufgaben),25,Grundwissen,AFB_II,,K2 K5
6,4 - Flächeninhalte,Wiederholen,1,,AFB_II,,K5
6,4 - Flächeninhalte,Wiederholen,2,,AFB_II,,K2
6,4 - Flächeninhalte,Wiederholen,3,,AFB_II,,K2 K3 K6
6,4 - Flächeninhalte,Wiederholen,4,,AFB_II,,K2 K5
6,4 - Flächeninhalte,Wiederholen,5,,AFB_II,,K1 K4 K6
6,4 - Flächeninhalte,Wiederholen,6,,AFB_II,,K1 K2
6,4 - Flächeninhalte,Wiederholen,7,,AFB_II,,K5
6,4 - Flächeninhalte,Wiederholen,8,,AFB_II,,K4 K5 K6
6,4 - Flächeninhalte,Wiederholen,9,,AFB_II,,K1
6,4 - Flächeninhalte,Wiederholen,10,,AFB_II,,K2 K3 K4 K6
6,4 - Flächeninhalte,Wiederholen,11,,AFB_II,,K4 K6
6,4 - Flächeninhalte,Wiederholen,12,,AFB_II,,K1 K5
6,4 - Flächeninhalte,Wiederholen,13,,AFB_II,,K5 K6
6,4 - Flächeninhalte,Wiederholen,14,,AFB_II,,K5 K6
6,4 - Flächeninhalte,Wiederholen,15,,AFB_II,,K2 K6
6,4 - Flächeninhalte,Wiederholen,16,,AFB_II,,K2 K5
6,4 - Flächeninhalte,Wiederholen,17,,AFB_II,,K3 K5
6,4 - Flächeninhalte,Wiederholen,18,,AFB_II,,K2 K4 K6
6,4 - Flächeninhalte,Wiederholen,19,,AFB_II,,K2 K3 K4
6,4 - Flächeninhalte,Wiederholen,20,,AFB_II,,K2
6,4 - Flächeninhalte,Wiederholen,21,,AFB_II,,K1 K3
6,4 - Flächeninhalte,Wiederholen,22,,AFB_II,,K2 K4
6,4 - Flächeninhalte,Teste dich,1,Teste dich,AFB_II,,K5
6,4 - Flächeninhalte,Teste dich,2,Teste dich,AFB_II,,K3 K5
6,4 - Flächeninhalte,Teste dich,3,Teste dich,AFB_II,,K4 K5
6,4 - Flächeninhalte,Teste dich,4,Teste dich,AFB_II,,K1 K2 K6
6,4 - Flächeninhalte,Teste dich,5,Teste dich,AFB_II,,K2 K5 K6
6,4 - Flächeninhalte,Teste dich,6,Teste dich,AFB_II,,K2 K4
6,4 - Flächeninhalte,Teste dich,7,Teste dich,AFB_II,,K5
6,4 - Flächeninhalte,Teste dich,8,Teste dich,AFB_II,,K2
6,4 - Flächeninhalte,Teste dich,9,Teste dich,AFB_II,,K2 K3 K4
6,4 - Flächeninhalte,Teste dich,10,Teste dich,AFB_II,,K1 K3 K4 K6
6,5 - Kapitel 5,5.1,1,,AFB_II,Ja,K5
6,5 - Kapitel 5,5.1,2,,AFB_II,,K5
6,5 - Kapitel 5,5.1,3,,AFB_II,,K1 K2
6,5 - Kapitel 5,5.1,4,,AFB_II,Ja,K2 K5
6,5 - Kapitel 5,5.1,5,,AFB_II,Ja,K2 K4
6,5 - Kapitel 5,5.1,6,,AFB_II,Ja,K1 K4 K5
6,5 - Kapitel 5,5.1,7,,AFB_II,,K2 K4 K6
6,5 - Kapitel 5,5.1,8,,AFB_II,Ja,K2 K5 K6
6,5 - Kapitel 5,5.1,9,,AFB_II,Ja,K1
6,5 - Kapitel 5,5.1,10,,AFB_II,,K3 K4
6,5 - Kapitel 5,5.1,11,,AFB_II,,K3 K4
6,5 - Kapitel 5,5.1,12,,AFB_II,Ja,K1
6,5 - Kapitel 5,5.1,13,,AFB_II,Ja,K2 K6
6,5 - Kapitel 5,5.1,14,,AFB_II,,K6
6,5 - Kapitel 5,5.2,1,,AFB_II,Ja,K1 K3 K6
6,5 - Kapitel 5,5.2,2,,AFB_II,Ja,K1 K5
6,5 - Kapitel 5,5.2,3,,AFB_II,Ja,K5
6,5 - Kapitel 5,5.2,4,,AFB_II,,K2 K5
6,5 - Kapitel 5,5.2,5,,AFB_II,Ja,K5
6,5 - Kapitel 5,5.2,6,,AFB_II,Ja,K2 K5 K6
6,5 - Kapitel 5,5.2,7,,AFB_II,,K2
6,5 - Kapitel 5,5.2,8,,AFB_II,Ja,K2 K6
6,5 - Kapitel 5,5.2,9,,AFB_II,,K3
6,5 - Kapitel 5,5.2,10,,AFB_II,Ja,K2 K5
6,5 - Kapitel 5,5.2,11,,AFB_II,,K2
6,5 - Kapitel 5,5.2,12,,AFB_II,,K2 K5
6,5 - Kapitel 5,5.2,13,,AFB_II,Ja,K5
6,5 - Kapitel 5,5.2,14,,AFB_II,Ja,K1 K4
6,5 - Kapitel 5,5.2,15,,AFB_II,Ja,K4
6,5 - Kapitel 5,5.2,16,,AFB_II,Ja,K2 K5
6,5 - Kapitel 5,5.2,17,,AFB_II,Ja,K1 K3
6,5 - Kapitel 5,5.2,18,,AFB_II,Ja,K3 K6
6,5 - Kapitel 5,5.2,19,,AFB_II,,K2 K6
6,5 - Kapitel 5,5.2,20,,AFB_II,Ja,K2 K5
6,5 - Kapitel 5,5.2,21,,AFB_II,Ja,K2 K5
6,5 - Kapitel 5,5.2,22,,AFB_II,Ja,K2 K4
6,5 - Kapitel 5,5.2,23,,AFB_II,Ja,K2 K5
6,5 - Kapitel 5,5.2,24,,AFB_II,,K1 K3
6,5 - Kapitel 5,5.2,25,,AFB_II,Ja,K2 K5
6,5 - Kapitel 5,5.2,26,,AFB_II,,K2 K3 K6
6,5 - Kapitel 5,5.2,27,,AFB_II,Ja,K1 K2 K3
6,5 - Kapitel 5,5.2,28,,AFB_II,Ja,K2 K5
6,5 - Kapitel 5,5.2,29,,AFB_II,Ja,K1 K2
6,5 - Kapitel 5,5.2,30,,AFB_II,,K2 K5
6,5 - Kapitel 5,5.2,31,,AFB_II,,K5 K6
6,5 - Kapitel 5,5.2,32,,AFB_II,Ja,K2 K3
6,5 - Kapitel 5,5.2,33,,AFB_II,,K2 K5
6,5 - Kapitel 5,5.3,1,,AFB_II,Ja,K5 K6
6,5 - Kapitel 5,5.3,2,,AFB_II,Ja,K5
6,5 - Kapitel 5,5.3,3,,AFB_II,Ja,K5 K6
6,5 - Kapitel 5,5.3,4,,AFB_II,,K1
6,5 - Kapitel 5,5.3,5,,AFB_II,Ja,K2 K3
6,5 - Kapitel 5,5.3,6,,AFB_II,,K2 K6
6,5 - Kapitel 5,5.3,7,,AFB_II,,K2 K3
6,5 - Kapitel 5,5.3,8,,AFB_II,Ja,K2 K5
6,5 - Kapitel 5,5.3,9,,AFB_II,Ja,K2 K5 K6
6,5 - Kapitel 5,5.3,10,,AFB_II,Ja,K2 K3
6,5 - Kapitel 5,5.3,11,,AFB_II,Ja,K5
6,5 - Kapitel 5,5.3,12,,AFB_II,,K2 K6
6,5 - Kapitel 5,5.3,13,,AFB_II,Ja,K2 K3
6,5 - Kapitel 5,5.3,14,,AFB_II,Ja,K2 K5
6,5 - Kapitel 5,5.3,15,,AFB_II,,K3 K4
6,5 - Kapitel 5,5.3,16,,AFB_II,Ja,K2 K6
6,5 - Kapitel 5,5.3,17,,AFB_II,Ja,K2 K3
6,5 - Kapitel 5,5.3,18,,AFB_II,,K1 K6
6,5 - Kapitel 5,5.3,19,,AFB_II,,K2 K5
6,5 - Kapitel 5,5.3,20,,AFB_II,,K2 K3
6,5 - Kapitel 5,5.3,21,,AFB_II,,K2 K4
6,5 - Kapitel 5,5.3,22,,AFB_II,,K2 K5
6,5 - Kapitel 5,5.3,23,,AFB_II,Ja,K2 K4
6,5 - Kapitel 5,5.3,24,,AFB_II,Ja,K2 K3
6,5 - Kapitel 5,5.3,25,,AFB_II,Ja,K2 K5
6,5 - Kapitel 5,5.3,26,,AFB_II,Ja,K1
6,5 - Kapitel 5,5.3,27,,AFB_II,,K3 K4
6,5 - Kapitel 5,5.3,28,,AFB_II,,K2 K6
6,5 - Kapitel 5,5.4,1,,AFB_II,Ja,K4 K5
6,5 - Kapitel 5,5.4,2,,AFB_II,Ja,K2 K4
6,5 - Kapitel 5,5.4,3,,AFB_II,,K2 K6
6,5 - Kapitel 5,5.4,4,,AFB_II,Ja,K2 K3
6,5 - Kapitel 5,5.4,5,,AFB_II,Ja,K2 K6
6,5 - Kapitel 5,5.4,6,,AFB_II,Ja,K4 K5
6,5 - Kapitel 5,5.4,7,,AFB_II,Ja,K2 K4
6,5 - Kapitel 5,5.4,8,,AFB_II,,K4 K5
6,5 - Kapitel 5,5.4,9,,AFB_II,Ja,K2 K3
6,5 - Kapitel 5,5.4,10,,AFB_II,Ja,K2 K4
6,5 - Kapitel 5,5.4,11,,AFB_II,Ja,K1 K4 K5
6,5 - Kapitel 5,5.4,12,,AFB_II,Ja,K2 K3 K6
6,5 - Kapitel 5,5.4,13,,AFB_II,,K3 K6
6,5 - Kapitel 5,5.4,14,,AFB_II,Ja,K4 K5
6,5 - Kapitel 5,5.4,15,,AFB_II,,K2 K4
6,5 - Kapitel 5,5.4,16,,AFB_II,,K2 K5
6,5 - Kapitel 5,Wiederholen,1,,AFB_II,,K1 K6
6,5 - Kapitel 5,Wiederholen,2,,AFB_II,,K5
6,5 - Kapitel 5,Wiederholen,3,,AFB_II,,K5
6,5 - Kapitel 5,Wiederholen,4,,AFB_II,,K2 K3
6,5 - Kapitel 5,Wiederholen,5,,AFB_II,,K2 K3
6,5 - Kapitel 5,Wiederholen,6,,AFB_II,,K3 K4 K6
6,5 - Kapitel 5,Wiederholen,7,,AFB_II,,K2 K5
6,5 - Kapitel 5,Wiederholen,8,,AFB_II,,K2 K3
6,5 - Kapitel 5,Wiederholen,9,,AFB_II,,K3 K6
6,5 - Kapitel 5,Wiederholen,10,,AFB_II,,K1 K2
6,5 - Kapitel 5,Wiederholen,11,,AFB_II,,K1 K2
6,5 - Kapitel 5,Wiederholen,12,,AFB_II,,K2 K5
6,5 - Kapitel 5,Wiederholen,13,,AFB_II,,K2 K4
6,5 - Kapitel 5,Wiederholen,14,,AFB_II,,K3 K6
6,5 - Kapitel 5,Wiederholen,15,,AFB_II,,K2 K3
6,5 - Kapitel 5,Wiederholen,16,,AFB_II,,K2 K5
6,5 - Kapitel 5,Wiederholen,17,,AFB_II,,K3 K4
6,5 - Kapitel 5,Wiederholen,18,,AFB_II,,K2 K3 K6
6,5 - Kapitel 5,Wiederholen,19,,AFB_II,,K2 K3
6,5 - Kapitel 5,Wiederholen,20,,AFB_II,,K2 K3 K4
6,5 - Kapitel 5,Wiederholen,21,,AFB_II,,K2 K3 K6
6,5 - Kapitel 5,Wiederholen,22,,AFB_II,,K2 K3
6,5 - Kapitel 5,Teste dich,1,Teste dich,AFB_II,,K6
6,5 - Kapitel 5,Teste dich,2,Teste dich,AFB_II,,K2 K5
6,5 - Kapitel 5,Teste dich,3,Teste dich,AFB_II,,K4 K5 K6
6,5 - Kapitel 5,Teste dich,4,Teste dich,AFB_II,,K2 K5
6,5 - Kapitel 5,Teste dich,5,Teste dich,AFB_II,,K1 K4 K6
6,5 - Kapitel 5,Teste dich,6,Teste dich,AFB_II,,K2 K3
6,5 - Kapitel 5,Teste dich,7,Teste dich,AFB_II,,K2 K3
6,5 - Kapitel 5,Teste dich,8,Teste dich,AFB_II,,K2 K4
6,5 - Kapitel 5,Teste dich,9,Teste dich,AFB_II,,K1 K2
6,5 - Kapitel 5,Teste dich,10,Teste dich,AFB_II,,K2 K5
6,5 - Kapitel 5,Teste dich,11,Teste dich,AFB_II,,K1 K3
6,5 - Kapitel 5,Teste dich,12,Teste dich,AFB_II,,K1 K2 K6
6,6 - Kapitel 6,6.1,1,,AFB_II,Ja,K2 K5
6,6 - Kapitel 6,6.1,2,,AFB_II,,K5
6,6 - Kapitel 6,6.1,3,,AFB_II,Ja,K4 K5
6,6 - Kapitel 6,6.1,4,,AFB_II,Ja,K2
6,6 - Kapitel 6,6.1,5,,AFB_II,Ja,K5
6,6 - Kapitel 6,6.1,6,,AFB_II,,K5
6,6 - Kapitel 6,6.1,7,,AFB_II,Ja,K4 K5
6,6 - Kapitel 6,6.1,8,,AFB_II,,K5 K6
6,6 - Kapitel 6,6.1,9,,AFB_II,Ja,K2 K5
6,6 - Kapitel 6,6.1,10,,AFB_II,Ja,K5
6,6 - Kapitel 6,6.1,11,,AFB_II,Ja,K5
6,6 - Kapitel 6,6.1,12,,AFB_II,Ja,K5
6,6 - Kapitel 6,6.1,13,,AFB_II,Ja,K5
6,6 - Kapitel 6,6.1,14,,AFB_II,Ja,K1 K5 K6
6,6 - Kapitel 6,6.1,15,,AFB_II,Ja,K2 K4 K5
6,6 - Kapitel 6,6.1,16,,AFB_II,Ja,K2 K5
6,6 - Kapitel 6,6.1,17,,AFB_II,Ja,K2 K5
6,6 - Kapitel 6,6.1,18,,AFB_II,Ja,K3 K4 K5
6,6 - Kapitel 6,6.1,19,,AFB_II,,K1 K2 K3
6,6 - Kapitel 6,6.1,20,,AFB_II,,K5
6,6 - Kapitel 6,6.2,1,,AFB_II,Ja,K2 K5
6,6 - Kapitel 6,6.2,2,,AFB_II,Ja,K5
6,6 - Kapitel 6,6.2,3,,AFB_II,Ja,K3 K4 K5
6,6 - Kapitel 6,6.2,4,,AFB_II,Ja,K4 K5
6,6 - Kapitel 6,6.2,5,,AFB_II,,K2 K5
6,6 - Kapitel 6,6.2,6,,AFB_II,Ja,K2 K5 K6
6,6 - Kapitel 6,6.2,7,,AFB_II,Ja,K1
6,6 - Kapitel 6,6.2,8,,AFB_II,Ja,K1 K5
6,6 - Kapitel 6,6.2,9,,AFB_II,,K1 K6
6,6 - Kapitel 6,6.2,10,,AFB_II,,K2 K5
6,6 - Kapitel 6,6.2,11,,AFB_II,Ja,K4 K5 K6
6,6 - Kapitel 6,6.2,12,,AFB_II,Ja,K3 K6
6,6 - Kapitel 6,6.2,13,,AFB_II,Ja,K5
6,6 - Kapitel 6,6.2,14,,AFB_II,Ja,K4 K5
6,6 - Kapitel 6,6.2,15,,AFB_II,,K5 K6
6,6 - Kapitel 6,6.2,16,,AFB_II,,K5
6,6 - Kapitel 6,6.2,17,,AFB_II,Ja,K3 K4 K5
6,6 - Kapitel 6,6.2,18,,AFB_II,Ja,K3 K5
6,6 - Kapitel 6,6.2,19,,AFB_II,Ja,K2 K5 K6
6,6 - Kapitel 6,6.2,20,,AFB_II,Ja,K2 K3 K5
6,6 - Kapitel 6,6.2,21,,AFB_II,Ja,K5
6,6 - Kapitel 6,6.2,22,,AFB_II,Ja,K1 K6
6,6 - Kapitel 6,6.2,23,,AFB_II,Ja,K4 K5 K6
6,6 - Kapitel 6,6.2,24,,AFB_II,Ja,K3 K5
6,6 - Kapitel 6,6.2,25,,AFB_II,,K3 K4
6,6 - Kapitel 6,6.2,26,,AFB_II,,K2 K5
6,6 - Kapitel 6,6.3,1,,AFB_II,Ja,K4 K5 K6
6,6 - Kapitel 6,6.3,2,,AFB_II,Ja,K4 K5
6,6 - Kapitel 6,6.3,3,,AFB_II,Ja,K4 K5
6,6 - Kapitel 6,6.3,4,,AFB_II,,K2 K4 K5
6,6 - Kapitel 6,6.3,5,,AFB_II,,K4 K6
6,6 - Kapitel 6,6.3,6,,AFB_II,Ja,K2 K5
6,6 - Kapitel 6,6.3,7,,AFB_II,Ja,K2 K4 K6
6,6 - Kapitel 6,6.3,8,,AFB_II,Ja,K1 K6
6,6 - Kapitel 6,6.3,9,,AFB_II,Ja,K2 K3 K5
6,6 - Kapitel 6,6.3,10,,AFB_II,,K5
6,6 - Kapitel 6,6.3,11,,AFB_II,Ja,K1 K6
6,6 - Kapitel 6,6.3,12,,AFB_II,,K1 K5
6,6 - Kapitel 6,6.3,13,,AFB_II,,K2 K4
6,6 - Kapitel 6,6.3,14,,AFB_II,Ja,K4 K5
6,6 - Kapitel 6,6.3,15,,AFB_II,Ja,K2 K4
6,6 - Kapitel 6,6.3,16,,AFB_II,,K5 K6
6,6 - Kapitel 6,6.3,17,,AFB_II,,K4 K5
6,6 - Kapitel 6,6.4,1,,AFB_II,Ja,K2 K4 K6
6,6 - Kapitel 6,6.4,2,,AFB_II,,K3 K4
6,6 - Kapitel 6,6.4,3,,AFB_II,Ja,K3 K4
6,6 - Kapitel 6,6.4,4,,AFB_II,,K2 K3 K6
6,6 - Kapitel 6,6.4,5,,AFB_II,Ja,K2 K5 K6
6,6 - Kapitel 6,6.4,6,,AFB_II,Ja,K4 K5 K6
6,6 - Kapitel 6,6.4,7,,AFB_II,Ja,K2 K5
6,6 - Kapitel 6,6.4,8,,AFB_II,Ja,K2 K3
6,6 - Kapitel 6,6.4,9,,AFB_II,Ja,K3 K4
6,6 - Kapitel 6,6.4,10,,AFB_II,Ja,K2 K3 K5
6,6 - Kapitel 6,6.4,11,,AFB_II,,K2 K4
6,6 - Kapitel 6,6.4,12,,AFB_II,Ja,K1 K5
6,6 - Kapitel 6,6.4,13,,AFB_II,Ja,K2 K5
6,6 - Kapitel 6,6.4,14,,AFB_II,,K3 K5
6,6 - Kapitel 6,6.4,15,,AFB_II,Ja,K2 K3 K4
6,6 - Kapitel 6,6.4,16,,AFB_II,,K2 K3 K5
6,6 - Kapitel 6,6.4,17,,AFB_II,,K1 K4 K5
6,6 - Kapitel 6,Wiederhole,1,,AFB_II,,K2 K5 K6
6,6 - Kapitel 6,Wiederhole,2,,AFB_II,,K4
6,6 - Kapitel 6,Wiederhole,3,,AFB_II,,K2 K4
6,6 - Kapitel 6,Wiederhole,4,,AFB_II,,K3 K5 K6
6,6 - Kapitel 6,Wiederhole,5,,AFB_II,,K2 K4 K6
6,6 - Kapitel 6,Wiederhole,6,,AFB_II,,K4 K5
6,6 - Kapitel 6,Wiederhole,7,,AFB_II,,K3
6,6 - Kapitel 6,Wiederhole,8,,AFB_II,,K1 K2 K6
6,6 - Kapitel 6,Wiederhole,9,,AFB_II,,K4
6,6 - Kapitel 6,Wiederhole,10,,AFB_II,,K2 K4 K6
6,6 - Kapitel 6,Wiederhole,11,,AFB_II,,K2 K3 K5
6,6 - Kapitel 6,Wiederhole,12,,AFB_II,,K4 K5
6,6 - Kapitel 6,Wiederhole,13,,AFB_II,,K4 K5 K6
6,6 - Kapitel 6,Wiederhole,14,,AFB_II,,K1 K4
6,6 - Kapitel 6,Wiederhole,15,,AFB_II,,K1 K4
6,6 - Kapitel 6,Wiederhole,16,,AFB_II,,K2 K5
6,6 - Kapitel 6,Wiederhole,17,,AFB_II,,K3 K4 K5
6,6 - Kapitel 6,Wiederhole,18,,AFB_II,,K1 K3 K4
6,6 - Kapitel 6,Teste dich,1,Teste dich,AFB_II,,K4
6,6 - Kapitel 6,Teste dich,2,Teste dich,AFB_II,,K2 K5 K6
6,6 - Kapitel 6,Teste dich,3,Teste dich,AFB_II,,K4
6,6 - Kapitel 6,Teste dich,4,Teste dich,AFB_II,,K4 K5
6,6 - Kapitel 6,Teste dich,5,Teste dich,AFB_II,,K2 K3 K5
6,6 - Kapitel 6,Teste dich,6,Teste dich,AFB_II,,K1 K4 K5
6,6 - Kapitel 6,Teste dich,7,Teste dich,AFB_II,,K2 K3 K5
6,6 - Kapitel 6,Teste dich,8,Teste dich,AFB_II,,K2 K5
6,6 - Kapitel 6,Teste dich,9,Teste dich,AFB_II,,K2 K3
6,6 - Kapitel 6,Teste dich,10,Teste dich,AFB_II,,K3 K5
6,7 - Kapitel 7,7.1,1,,AFB_II,Ja,K5
6,7 - Kapitel 7,7.1,2,,AFB_II,Ja,K5
6,7 - Kapitel 7,7.1,3,,AFB_II,Ja,K2 K3
6,7 - Kapitel 7,7.1,4,,AFB_II,,K5
6,7 - Kapitel 7,7.1,5,,AFB_II,Ja,K2 K6
6,7 - Kapitel 7,7.1,6,,AFB_II,,K2 K6
6,7 - Kapitel 7,7.1,7,,AFB_II,Ja,K1 K2
6,7 - Kapitel 7,7.1,8,,AFB_II,,K5 K6
6,7 - Kapitel 7,7.1,9,,AFB_II,Ja,K5
6,7 - Kapitel 7,7.1,10,,AFB_II,Ja,K2 K4
6,7 - Kapitel 7,7.1,11,,AFB_II,Ja,K2 K3
6,7 - Kapitel 7,7.1,12,,AFB_II,,K2 K4
6,7 - Kapitel 7,7.1,13,,AFB_II,Ja,K2 K5
6,7 - Kapitel 7,7.1,14,,AFB_II,,K2 K3
6,7 - Kapitel 7,7.1,15,,AFB_II,,K2 K5
6,7 - Kapitel 7,7.1,16,,AFB_II,Ja,K5
6,7 - Kapitel 7,7.1,17,,AFB_II,Ja,K1 K3
6,7 - Kapitel 7,7.1,18,,AFB_II,Ja,K5
6,7 - Kapitel 7,7.1,19,,AFB_II,,K4 K5
6,7 - Kapitel 7,7.1,20,,AFB_II,Ja,K2 K5
6,7 - Kapitel 7,7.1,21,,AFB_II,Ja,K5
6,7 - Kapitel 7,7.1,22,,AFB_II,Ja,K2 K3
6,7 - Kapitel 7,7.1,23,,AFB_II,,K3 K4
6,7 - Kapitel 7,7.1,24,,AFB_II,,K2 K4
6,7 - Kapitel 7,7.2,1,,AFB_II,Ja,K2 K4 K6
6,7 - Kapitel 7,7.2,2,,AFB_II,Ja,K2 K4
6,7 - Kapitel 7,7.2,3,,AFB_II,,K4 K5
6,7 - Kapitel 7,7.2,4,,AFB_II,Ja,K4 K5
6,7 - Kapitel 7,7.2,5,,AFB_II,Ja,K2 K4
6,7 - Kapitel 7,7.2,6,,AFB_II,Ja,K3 K4
6,7 - Kapitel 7,7.2,7,,AFB_II,,K3 K4
6,7 - Kapitel 7,7.2,8,,AFB_II,,K2 K4
6,7 - Kapitel 7,7.2,9,,AFB_II,,K4 K5
6,7 - Kapitel 7,7.2,10,,AFB_II,Ja,K2 K4
6,7 - Kapitel 7,7.2,11,,AFB_II,Ja,K2 K5
6,7 - Kapitel 7,7.2,12,,AFB_II,Ja,K2 K4
6,7 - Kapitel 7,7.2,13,,AFB_II,,K3 K4 K6
6,7 - Kapitel 7,7.2,14,,AFB_II,,K4 K5
6,7 - Kapitel 7,7.2,15,,AFB_II,Ja,K3 K6
6,7 - Kapitel 7,7.2,16,,AFB_II,,K3 K6
6,7 - Kapitel 7,7.2,17,,AFB_II,Ja,K1 K4 K6
6,7 - Kapitel 7,7.2,18,,AFB_II,Ja,K2 K6
6,7 - Kapitel 7,7.2,19,,AFB_II,Ja,K1 K2 K4 K5 K6
6,7 - Kapitel 7,7.2,20,,AFB_II,,K3 K4
6,7 - Kapitel 7,7.2,21,,AFB_II,Ja,K2 K3
6,7 - Kapitel 7,7.2,22,,AFB_II,,K5
6,7 - Kapitel 7,7.3,1,,AFB_II,Ja,K5
6,7 - Kapitel 7,7.3,2,,AFB_II,Ja,K5
6,7 - Kapitel 7,7.3,3,,AFB_II,,K5
6,7 - Kapitel 7,7.3,4,,AFB_II,,K4 K5
6,7 - Kapitel 7,7.3,5,,AFB_II,Ja,K2 K5
6,7 - Kapitel 7,7.3,6,,AFB_II,,K4 K6
6,7 - Kapitel 7,7.3,7,,AFB_II,Ja,K2 K6
6,7 - Kapitel 7,7.3,8,,AFB_II,Ja,K5
6,7 - Kapitel 7,7.3,9,,AFB_II,Ja,K2 K4
6,7 - Kapitel 7,7.3,10,,AFB_II,Ja,K2 K5
6,7 - Kapitel 7,7.3,11,,AFB_II,Ja,K2 K3
6,7 - Kapitel 7,7.3,12,,AFB_II,,K3 K4
6,7 - Kapitel 7,7.3,13,,AFB_II,Ja,K2 K6
6,7 - Kapitel 7,7.3,14,,AFB_II,,K4 K6
6,7 - Kapitel 7,7.3,15,,AFB_II,Ja,K2 K3
6,7 - Kapitel 7,7.3,16,,AFB_II,,K3 K6
6,7 - Kapitel 7,7.3,17,,AFB_II,Ja,K2 K3
6,7 - Kapitel 7,7.3,18,,AFB_II,,K2 K3
6,7 - Kapitel 7,7.3,19,,AFB_II,,K1 K2
6,7 - Kapitel 7,7.3,20,,AFB_II,Ja,K2 K4
6,7 - Kapitel 7,7.3,21,,AFB_II,,K2 K4
6,7 - Kapitel 7,7.3,22,,AFB_II,Ja,K3 K5
6,7 - Kapitel 7,7.3,23,,AFB_II,,K1 K4
6,7 - Kapitel 7,7.4,1,,AFB_II,Ja,K5
6,7 - Kapitel 7,7.4,2,,AFB_II,Ja,K5
6,7 - Kapitel 7,7.4,3,,AFB_II,Ja,K5
6,7 - Kapitel 7,7.4,4,,AFB_II,,K2 K5
6,7 - Kapitel 7,7.4,5,,AFB_II,,K2 K4
6,7 - Kapitel 7,7.4,6,,AFB_II,Ja,K2 K3
6,7 - Kapitel 7,7.4,7,,AFB_II,,K2 K4
6,7 - Kapitel 7,7.4,8,,AFB_II,Ja,K2 K5
6,7 - Kapitel 7,7.4,9,,AFB_II,Ja,K5
6,7 - Kapitel 7,7.4,10,,AFB_II,Ja,K2 K3
6,7 - Kapitel 7,7.4,11,,AFB_II,Ja,K3 K5
6,7 - Kapitel 7,7.4,12,,AFB_II,,K3 K5
6,7 - Kapitel 7,7.4,13,,AFB_II,Ja,K2 K5
6,7 - Kapitel 7,7.4,14,,AFB_II,Ja,K2 K3
6,7 - Kapitel 7,7.4,15,,AFB_II,,K4 K5
6,7 - Kapitel 7,7.4,16,,AFB_II,,K3 K6
6,7 - Kapitel 7,7.4,17,,AFB_II,Ja,K3 K6
6,7 - Kapitel 7,7.4,18,,AFB_II,,K3 K5
6,7 - Kapitel 7,7.4,19,,AFB_II,,K2 K6
6,7 - Kapitel 7,7.4,20,,AFB_II,Ja,K1
6,7 - Kapitel 7,7.4,21,,AFB_II,Ja,K2 K5
6,7 - Kapitel 7,7.4,22,,AFB_II,,K1 K3
6,7 - Kapitel 7,7.4,23,,AFB_II,Ja,K1 K3
6,7 - Kapitel 7,7.4,24,,AFB_II,Ja,K5
6,7 - Kapitel 7,7.5,1,,AFB_II,Ja,K4 K5 K6
6,7 - Kapitel 7,7.5,2,,AFB_II,Ja,K6
6,7 - Kapitel 7,7.5,3,,AFB_II,Ja,K3 K4
6,7 - Kapitel 7,7.5,4,,AFB_II,Ja,K1 K4
6,7 - Kapitel 7,7.5,5,,AFB_II,,K3 K6
6,7 - Kapitel 7,7.5,6,,AFB_II,Ja,K2 K6
6,7 - Kapitel 7,7.5,7,,AFB_II,,K4 K5 K6
6,7 - Kapitel 7,7.5,8,,AFB_II,,K2 K4
6,7 - Kapitel 7,7.5,9,,AFB_II,Ja,K4 K5
6,7 - Kapitel 7,7.5,10,,AFB_II,Ja,K2
6,7 - Kapitel 7,7.5,11,,AFB_II,Ja,K3 K6
6,7 - Kapitel 7,7.5,12,,AFB_II,Ja,K3 K4
6,7 - Kapitel 7,7.5,13,,AFB_II,,K1 K4
6,7 - Kapitel 7,7.5,14,,AFB_II,,K2 K5
6,7 - Kapitel 7,7.6,1,,AFB_II,Ja,K2
6,7 - Kapitel 7,7.6,2a,,AFB_II,Ja,K3 K4 K5
6,7 - Kapitel 7,7.6,2b,,AFB_II,Ja,K6
6,7 - Kapitel 7,7.6,3,,AFB_II,,K1 K5
6,7 - Kapitel 7,7.6,4,,AFB_II,,K4 K6
6,7 - Kapitel 7,7.6,5,,AFB_II,Ja,K2 K6
6,7 - Kapitel 7,7.6,"6a,b",,AFB_II,Ja,K4 K5
6,7 - Kapitel 7,7.6,6c,,AFB_II,Ja,K2
6,7 - Kapitel 7,7.6,7a,,AFB_II,Ja,K2
6,7 - Kapitel 7,7.6,7b,,AFB_II,Ja,K1 K5
6,7 - Kapitel 7,7.6,8,,AFB_II,Ja,K2 K5
6,7 - Kapitel 7,7.6,9,,AFB_II,Ja,K1
6,7 - Kapitel 7,7.6,10,,AFB_II,,K2 K5
6,7 - Kapitel 7,7.6,11,,AFB_II,,K1
6,7 - Kapitel 7,7.6,12,,AFB_II,Ja,K1 K3
6,7 - Kapitel 7,7.6,13,,AFB_II,Ja,K2 K3 K5
6,7 - Kapitel 7,7.6,14,,AFB_II,Ja,K2 K3
6,7 - Kapitel 7,7.6,15,,AFB_II,,K1 K2 K5 K6
6,7 - Kapitel 7,7.6,16,,AFB_II,,K5
6,7 - Kapitel 7,Wiederholen,1,,AFB_II,,K2 K5
6,7 - Kapitel 7,Wiederholen,2,,AFB_II,,K4 K5
6,7 - Kapitel 7,Wiederholen,3,,AFB_II,,K4 K6
6,7 - Kapitel 7,Wiederholen,4,,AFB_II,,K2 K4
6,7 - Kapitel 7,Wiederholen,5,,AFB_II,,K4 K5
6,7 - Kapitel 7,Wiederholen,6,,AFB_II,,K3 K4
6,7 - Kapitel 7,Wiederholen,7,,AFB_II,,K3 K4 K5
6,7 - Kapitel 7,Wiederholen,8,,AFB_II,,K2 K6
6,7 - Kapitel 7,Wiederholen,9,,AFB_II,,K1 K2
6,7 - Kapitel 7,Wiederholen,10,,AFB_II,,K4 K5
6,7 - Kapitel 7,Wiederholen,11,,AFB_II,,K3 K5
6,7 - Kapitel 7,Wiederholen,12,,AFB_II,,K1
6,7 - Kapitel 7,Wiederholen,13,,AFB_II,,K1 K3 K6
6,7 - Kapitel 7,Wiederholen,14,,AFB_II,,K1 K4
6,7 - Kapitel 7,Wiederholen,15,,AFB_II,,K2 K5 K6
6,7 - Kapitel 7,Wiederholen,16,,AFB_II,,K2 K4 K5
6,7 - Kapitel 7,Wiederholen,17,,AFB_II,,K1 K4 K6
6,7 - Kapitel 7,Wiederholen,18,,AFB_II,,K2 K4
6,7 - Kapitel 7,Wiederholen,19,,AFB_II,,K3 K4
6,7 - Kapitel 7,Wiederholen,20,,AFB_II,,K4 K6
6,7 - Kapitel 7,Teste dich,1,Teste dich,AFB_II,,K5
6,7 - Kapitel 7,Teste dich,2,Teste dich,AFB_II,,K1 K6
6,7 - Kapitel 7,Teste dich,3,Teste dich,AFB_II,,K4 K5
6,7 - Kapitel 7,Teste dich,4,Teste dich,AFB_II,,K4 K5
6,7 - Kapitel 7,Teste dich,5,Teste dich,AFB_II,,K3 K4
6,7 - Kapitel 7,Teste dich,6,Teste dich,AFB_II,,K2 K3
6,7 - Kapitel 7,Teste dich,7,Teste dich,AFB_II,,K2 K5
6,7 - Kapitel 7,Teste dich,8,Teste dich,AFB_II,,K1 K2
6,7 - Kapitel 7,Teste dich,9,Teste dich,AFB_II,,K3 K4
6,7 - Kapitel 7,Teste dich,10,Teste dich,AFB_II,,K2 K3 K5
