;;;Aufgabe;;Minimalfahrplan;wichtigkeit;Teste Dich;AFB I;AFB II;AFB III;Grundwissen;K1;K2;K3;K4;K5;K6
;1;;;Brüche und Dezimalbrüche;;;;;;;;;;;;;
;1;1;;Bruchteile und Anteile;;;;;;;;;;;;;
;1;1;1;;1;-5;;1;;;;;;;;1;
;1;1;2;;;-5;;1;;;;1;;;;1;
;1;1;3;;1;-5;;1;;;;;;;1;1;
;1;1;4;;1;-5;;1;;;;;;;1;1;
;1;1;5;;;-5;;1;;;;;;;;1;
;1;1;6;;1;-5;;1;;;;;1;;;1;
;1;1;7;;1;-5;;1;;;;;1;1;;;1
;1;1;8;;;;;1;;;;;;;;1;
;1;1;9;;1;;1;;;;;;;;;1;
;1;1;10;;1;;1;;;;;;1;;;1;
;1;1;11;;;;;;1;;;;;1;1;;
;1;1;12;;;;;;1;;;;;;;1;
;1;1;13;;1;-5;;;1;;;;1;1;;;
;1;1;14;;1;-5;;;1;;;1;;;1;;
;1;1;15;;;;;;1;;;;;;;1;
;1;1;16;;1;;;;1;;;;;1;1;;
;1;1;17;;1;;;;1;;;;1;;;1;
;1;1;18;;1;;1;;;;;;1;;;1;
;1;1;19;;1;;1;;;;;;1;1;;;
;1;1;20;;1;;;;;1;;;1;1;;;
;1;1;21;;;;;;;1;;;;;1;;1
;1;1;22;;;;;;;;1;;;;;1;
;1;2;;Kürzen und Erweitern;;;;;;;;;;;;;
;1;2;1;;;;;1;;;;;;;;1;
;1;2;2;;1;-5;;1;;;;;;;;1;
;1;2;3;;1;-5;;1;;;;;;;;1;
;1;2;4;;;-5;;1;;;;;;;1;1;
;1;2;5;;1;;;1;;;;;1;;1;;
;1;2;6;;;-5;;1;;;;;;;;1;
;1;2;7;;;;;1;;;;;;;1;1;
;1;2;8;;1;;1;;;;;;;;1;;
;1;2;9;;1;;1;;;;;;;;;1;
;1;2;10;;;;;;1;;;;;1;1;;1
;1;2;11;;1;;;;1;;;;1;;;;
;1;2;12;;;;;;1;;;;;;1;1;
;1;2;13;;1;;;;1;;;;;;1;1;
;1;2;14;;;;;;1;;;;1;;;;
;1;2;15;;1;;;;1;;;;1;;;1;
;1;2;16;;1;-5;;;1;;;;;;1;1;
;1;2;17;;;;;;1;;;;;1;1;;
;1;2;18;;1;;1;;;;;;;;;1;
;1;2;19;;1;;1;;;;;1;;;;;1
;1;2;20;;1;;1;;;;;;;;;1;
;1;2;21;;1;;;;;1;;1;1;;;;
;1;2;22;;;;;;;1;;;1;;1;;
;1;2;23;;;;;;;1;;;1;;;;1
;1;2;24;;;;;;;;1;;1;1;;;
;1;3;;Brüche als Quotienten und an der Zahlengeraden;;;;;;;;;;;;;
;1;3;1;;1;-5;;1;;;;;;;;1;
;1;3;2;;;;;1;;;;;;;;1;
;1;3;3;;1;;;1;;;;;;;1;1;
;1;3;4;;;;;1;;;;;1;;;1;
;1;3;5;;;;;1;;;;;;;1;1;
;1;3;6;;;-5;;1;;;;;;;1;1;
;1;3;7;;;-5;;1;;;;;;1;;1;
;1;3;8;;1;;;1;;;;;;;1;;
;1;3;9;;1;;;1;;;;;1;;1;;
;1;3;10;;;-5;;1;;;;;;1;;;1
;1;3;11;;1;;;1;;;;;;;;1;
;1;3;12;;1;;;1;;;;;;;;1;
;1;3;13;;1;;1;;;;;;;;1;1;
;1;3;14;;1;;1;;;;;;;;;1;
;1;3;15;;;;;;1;;;;;;1;;1
;1;3;16;;;;;;1;;;;;1;1;;
;1;3;17;;1;;;;1;;;;;1;1;;
;1;3;18;;;;;;1;;;;1;;1;;
;1;3;19;;;;;;1;;;;;1;;;
;1;3;20;;1;;;;1;;;;;1;1;;
;1;3;21;;;;;;1;;;;1;;;;
;1;3;22;;1;;;;1;;;1;;;;1;
;1;3;23;;;-5;;;1;;;;;1;1;;
;1;3;24;;1;;1;;;;;;1;;;;
;1;3;25;;1;;1;;;;;;;;1;;
;1;3;26;;;;;;;1;;1;;;1;;
;1;3;27;;;;;;;;1;;1;;;1;
;1;4;;Vergleichen von Brüchen;;;;;;;;;;;;;
;1;4;1;;1;;;1;;;;;1;;;;
;1;4;2;;1;;;1;;;;;1;;;;
;1;4;3;;1;-5;;1;;;;1;;;;1;
;1;4;4;;1;;;1;;;;;;;;1;
;1;4;5;;;;;1;;;;1;;;;;
;1;4;6;;;-5;;1;;;;;;1;;;
;1;4;7;;;;;1;;;;;1;;1;;
;1;4;8;;1;;1;;;;;;;;1;;
;1;4;9;;1;;1;;;;;;1;1;;;
;1;4;10;;;;;;1;;;;1;;;;
;1;4;11;;1;;;;1;;;;;;1;1;
;1;4;12;;;-5;;;1;;;;1;;;;
;1;4;13;;1;;;;1;;;;1;;;;
;1;4;14;;;;;;1;;;1;;1;;;
;1;4;15;;1;;;;1;;;;;1;;;
;1;4;16;;;;;;1;;;1;1;;;;
;1;4;17;;;;;;1;;;;1;;1;;
;1;4;18;;;;;;1;;;1;;;;;1
;1;4;19;;1;;1;;;;;;;;1;;
;1;4;20;;1;;1;;;;;;;1;;;
;1;4;21;;;;;;;1;;;1;1;;;
;1;4;22;;1;;;;;1;;1;1;;;;
;1;4;23;;;;;;;;1;;;;;1;
;1;5;;Rationale Zahlen;;;;;;;;;;;;;
;1;5;1;;;;;1;;;;;1;;;1;
;1;5;2;;1;;;1;;;;;;;;1;
;1;5;3;;1;;;1;;;;;1;;;;
;1;5;4;;;-5;;1;;;;;1;;1;;
;1;5;5;;1;-5;;1;;;;;;;1;1;
;1;5;6;;;;;1;;;;1;1;;1;;
;1;5;7;;1;;;1;;;;;1;;;;1
;1;5;8;;;;;1;;;;;;;;1;
;1;5;9;;1;;1;;;;;;1;1;1;;
;1;5;10;;1;;1;;;;;;;;;1;
;1;5;11;;;;;;1;;;;1;;;1;
;1;5;12;;1;-5;;;1;;;1;;;;;
;1;5;13;;1;;;;1;;;;;;1;1;
;1;5;14;;;;;;1;;;1;;;;;1
;1;5;15;;;-5;;;1;;;;1;;;;
;1;5;16;;1;;;;1;;;;1;;;;
;1;5;17;;1;;1;;;;;;1;;;;
;1;5;18;;1;;1;;;;;1;1;;;;
;1;5;19;;1;;;;;1;;1;1;;;;
;1;5;20;;;;;;;;1;;;;;1;
;1;6;;Dezimalbrüche;;;;;;;;;;;;;
;1;6;1;;1;-5;;1;;;;;;;;1;
;1;6;2;;1;;;1;;;;;1;;;1;
;1;6;3;;;;;1;;;;1;;;;1;
;1;6;4;;;;;1;;;;;1;;;;1
;1;6;5;;1;;;1;;;;;;;;1;
;1;6;6;;;;;1;;;;;1;;;;1
;1;6;7;;1;-5;;1;;;;;;;;1;
;1;6;8;;1;;;1;;;;;1;;;1;
;1;6;9;;;;;1;;;;;;;1;1;
;1;6;10;;1;;;1;;;;;;;;1;
;1;6;11;;1;;;1;;;;1;;;;;
;1;6;12;;1;;1;;;;;;;;;1;
;1;6;13;;1;;1;;;;;;;;;1;
;1;6;14;;1;;;;1;;;;1;;;;
;1;6;15;;;;;;1;;;;1;;;;1
;1;6;16;;;;;;1;;;1;1;;;;
;1;6;17;;;;;;1;;;;;;;1;
;1;6;18;;1;-5;;;1;;;;;;;1;
;1;6;19;;;;;;1;;;;1;;;1;
;1;6;20;;;;;;1;;;;;;;1;
;1;6;21;;1;;;;1;;;;;;1;;
;1;6;22;;1;;;;1;;;;1;;1;;
;1;6;23;;1;;1;;;;;;1;;;1;
;1;6;24;;1;;1;;;;;;1;;;1;
;1;6;25;;1;;;;;1;;1;1;1;;;1
;1;6;26;;;;;;;1;;;1;;;;
;1;6;27;;1;;;;;1;;;1;;;;1
;1;6;28;;;;;;;;1;;;;1;1;
;1;7;;Vergleichen von Dezimalbrüchen;;;;;;;;;;;;;
;1;7;1;;1;-5;;1;;;;;1;;;1;
;1;7;2;;;;;1;;;;1;1;;;;1
;1;7;3;;1;-5;;1;;;;;;;1;;
;1;7;4;;;-5;;1;;;;;1;;;;
;1;7;5;;;;;1;;;;;1;;;1;
;1;7;6;;1;;;1;;;;;1;;1;;
;1;7;7;;1;;;1;;;;;;;;1;
;1;7;8;;1;-2;;1;;;;;1;;;;1
;1;7;9;;;;;1;;;;;1;;;;
;1;7;10;;1;;1;;;;;;1;;;1;
;1;7;11;;1;;1;;;;;;1;;;;
;1;7;12;;1;;;;1;;;;1;;1;;
;1;7;13;;;;;;1;;;;1;;;1;1
;1;7;14;;1;;;;1;;;;1;;1;;
;1;7;15;;1;;;;1;;;;1;;;;
;1;7;16;;1;;;;1;;;;1;;1;;
;1;7;17;;;;;;1;;;;;;;;1
;1;7;18;;1;;;;1;;;;1;;;1;
;1;7;19;;;-5;;;1;;;;1;;1;;
;1;7;20;;;;;;1;;;;1;;;;
;1;7;21;;;;;;1;;;1;1;;;;
;1;7;22;;1;-2;;;1;;;;1;;;1;
;1;7;23;;;;;;1;;;;1;;;;
;1;7;24;;1;;1;;;;;;1;;;1;
;1;7;25;;1;;1;;;;;;1;;;;
;1;7;26;;1;;1;;;;;;1;;;;
;1;7;27;;;;;;;1;;;1;;;;
;1;7;28;;;;;;;1;;;1;;;;1
;1;7;29;;;;;;;;1;;;;;1;
;1;8;;Brüche in Dezimalbrüche umwandeln und runden;;;;;;;;;;;;;
;1;8;1;;;;;1;;;;;1;;;;
;1;8;2;;1;-5;;1;;;;;;;;1;
;1;8;3;;1;;;1;;;;;;;;1;
;1;8;4;;1;;;1;;;;;1;;;1;
;1;8;5;;1;;;1;;;;1;;;;;
;1;8;6;;;;;1;;;;;1;;;;
;1;8;7;;;-5;;1;;;;;;;;1;
;1;8;8;;1;;;1;;;;;;;;1;
;1;8;9;;;;;1;;;;;;;;1;
;1;8;10;;;;;1;;;;;;1;;;1
;1;8;11;;1;;;1;;;;;;;1;1;
;1;8;12;;1;;;1;;;;;;;;1;
;1;8;13;;1;;;1;;;;;1;;;;1
;1;8;14;;1;;1;;;;;;;;;1;
;1;8;15;;1;;1;;;;;;;;;1;
;1;8;16;;1;-5;;;1;;;;1;;;;
;1;8;17;;1;;;;1;;;;1;;;1;
;1;8;18;;;;;;1;;;;1;;;;1
;1;8;19;;;;;;1;;;;1;;;;
;1;8;20;;;;;;1;;;;1;;;;
;1;8;21;;;;;;1;;;;;;;;1
;1;8;22;;1;-5;;;1;;;;1;;1;;
;1;8;23;;;;;;1;;;;1;;;;
;1;8;24;;;;;;1;;;1;;;;1;
;1;8;25;;;;;;1;;;;1;;;1;
;1;8;26;;1;;;;1;;;;1;;;;
;1;8;27;;1;;;;1;;;;1;;;1;
;1;8;28;;;;;;1;;;;1;;;;
;1;8;29;;;;;;1;;;;1;;;1;
;1;8;30;;1;;;1;;;;;1;;;;
;1;8;31;;1;;;1;;;;;1;;;1;
;1;8;32;;1;;;1;;;;;1;;;;
;1;8;33;;;;;;;1;;1;1;;;;1
;1;8;34;;1;;;;;1;;;1;;;;
;1;8;35;;;;;;;;1;;1;1;;;
;1;9;;Periodische Dezimalbrüche;;;;;;;;;;;;;
;1;9;1;;1;-5;;1;;;;;;;;1;
;1;9;2;;;;;1;;;;;;;;1;
;1;9;3;;;-5;;1;;;;;;;;1;
;1;9;4;;;;;1;;;;;1;;;;
;1;9;5;;1;-5;;1;;;;;1;;;1;
;1;9;6;;;;;1;;;;;;;;1;
;1;9;7;;1;;1;;;;;;;;;1;
;1;9;8;;1;;1;;;;;;1;;;1;
;1;9;9;;;;;;1;;;;;;;1;
;1;9;10;;;;;;1;;;;1;;;1;
;1;9;11;;;;;;1;;;;;;;;1
;1;9;12;;1;;;;1;;;;1;;;;
;1;9;13;;1;;;;1;;;1;;1;;;
;1;9;14;;;-5;;;1;;;;1;;;;1
;1;9;15;;1;;;;1;;;;1;;;1;
;1;9;16;;;;;;1;;;;1;;;1;
;1;9;17;;1;;1;;;;;;1;;;;1
;1;9;18;;1;;1;;;;;;1;;1;1;
;1;9;19;;;;;;;1;;;;1;;1;
;1;9;20;;;;;;;;1;;;;1;1;
;1;WVV;;Wiederholen - Vertiefen - Vernetzen;;;;;;;;;;;;;
;1;Wiederholen;1;;;;;1;;;;;;;;1;
;1;Wiederholen;2;;;;;1;;;;;;1;;;
;1;Wiederholen;3;;;;;1;;;;;;;;;
;1;Wiederholen;4;;;;;1;;;;;;;;1;
;1;Wiederholen;5;;;;;1;;;;;;;;1;
;1;Wiederholen;6;;;;;1;;;;;1;;;;
;1;Wiederholen;7;;;-2;;1;;;;;1;;;1;
;1;Wiederholen;8;;;;;1;;;;;1;;;;
;1;Wiederholen;9;;;;;1;;;;;1;;1;;
;1;Wiederholen;10;;;;;1;;;;;;;1;;
;1;Wiederholen;11;;;;;1;;;;;1;;;;
;1;Wiederholen;12;;;;;1;;;;;;1;1;;
;1;Wiederholen;13;;;;;;1;;;;;;;1;
;1;Wiederholen;14;;;;;;1;;;;1;;1;;
;1;Wiederholen;15;;;;;;1;;;;;1;;;
;1;Wiederholen;16;;;;;;1;;;;1;1;;;
;1;Wiederholen;17;;;;;;1;;;;1;;;;
;1;Wiederholen;18;;;-2;;;1;;;;;;1;1;
;1;Wiederholen;19;;;;;;1;;;;1;;;;
;1;Wiederholen;20;;;;;;1;;;;1;;;1;
;1;Wiederholen;21;;;;;;1;;;;;1;;;1
;1;Wiederholen;22;;;-2;;;1;;;1;1;;;;
;1;Wiederholen;23;;;;;;1;;;;1;;;1;
;1;Wiederholen;24;;;;;;1;;;;;;1;;1
;1;Wiederholen;25;;;;;;1;;;;1;1;;;
;1;Wiederholen;26;;;;;;1;;;;1;;;;
;1;Wiederholen;27;;;;;;1;;;;;1;;;1
;1;Wiederholen;28;;;;;;;1;;1;1;;;;
;1;Wiederholen;29;;;;;;;1;;1;1;;;;
;1;Wiederholen;30;;;;;;;1;;;1;1;;;
;1;Wiederholen;31;;;;;;;1;;;1;;1;;
;1;Wiederholen;32;;;;;;;1;;;1;;;;1
;1;Wiederholen;33;;;;;;;1;;1;;;;;1
;1;Teste dich!;;Teste Dich!;;;;;;;;;;;;;
;1;Teste dich;1;;;;;;;;;;1;;;1;
;1;Teste dich;2;;;;;;;;;;1;;;;
;1;Teste dich;3;;;;;;;;;;;;;1;
;1;Teste dich;4;;;;;;;;;;1;;;1;
;1;Teste dich;5;;;;;;;;;;1;;;1;
;1;Teste dich;6;;;;;;;;;;1;;;;
;1;Teste dich;7;;;;;;;;;1;;1;;;
;1;Teste dich;8;;;;;;;;;;1;;1;;
;1;Teste dich;9;;;;;;;;;;1;;;;
;1;Teste dich;10;;;;;;;;;;;;;1;
;1;Teste dich;11;;;;;;;;;;1;;1;1;
;1;Teste dich;12;;;;;;;;;;;1;;1;
;1;Teste dich;13;;;;;;;;;;;;1;1;
;1;Teste dich;14;;;;;;;;;;1;;;1;
;2;;;Addition und Subtraktion von Brüchen;;;;;;;;;;;;;
;2;1;;Addieren und Subtrahieren gleichnahmniger Brüche;;;;;;;;;;;;;
;2;1;1;;1;;;;;;;;;;;1;
;2;1;2;;1;;;;;;;;;;1;;
;2;1;3;;;;;;;;;;;;;1;
;2;1;4;;1;;;;;;;;;;;1;
;2;1;5;;1;;;;;;;;;;1;;
;2;1;6;;;;;;;;;;;;1;;
;2;1;7;;;;;;;;;;;1;;;1
;2;1;8;;;;;;;;;1;;;;;
;2;1;9;;1;;;;;;;;1;;;;
;2;1;10;;1;;;;;;;;1;;;1;
;2;1;11;;;;;;;;;;1;;;;
;2;1;12;;;;;;;;;;;;;1;
;2;2;;Addieren und Subtrahieren ungleichnahmiger Brüche;;;;;;;;;;;;;
;2;2;1;;1;;;;;;;;;;;1;
;2;2;2;;1;;;;;;;;1;;;;1
;2;2;3;;1;;;;;;;1;;;;;
;2;2;4;;;;;;;;;;;;;1;
;2;2;5;;;;;;;;;;;;;1;
;2;2;6;;1;;;;;;;;;;;1;
;2;2;7;;;;;;;;;;;;1;;
;2;2;8;;;;;;;;;1;;1;;;
;2;2;9;;1;;;;;;;1;;;;1;
;2;2;10;;1;;;;;;;;;;;;1
;2;2;11;;1;;;;;;;;;;;1;
;2;2;12;;1;;;;;;;1;;;;;
;2;2;13;;;;;;;;;;;1;;1;
;2;2;14;;;;;;;;;;;;1;1;
;2;2;15;;;;;;;;;1;1;1;;;
;2;2;16;;1;;;;;;;1;;;;;1
;2;2;17;;1;;;;;;;;;;;1;
;2;2;18;;1;;;;;;;;1;1;;;
;2;2;19;;;;;;;;;;;;;1;
;2;2;20;;1;;;;;;;;;;1;1;
;2;2;21;;;;;;;;;;;;1;;
;2;2;22;;1;;;;;;;;;1;;;
;2;2;23;;;;;;;;;;1;;;;
;2;2;24;;;;;;;;;1;;;;;
;2;2;25;;;;;;;;;;1;;;1;
;2;2;26;;;;;;;;;;1;1;;;
;2;2;27;;1;;;;;;;;;;;;1
;2;2;28;;1;;;;;;;;;;;1;
;2;2;29;;1;;;;;;;;1;;;;
;2;2;30;;;;;;;;;;1;;;;
;2;2;31;;;;;;;;;;1;;;;
;2;2;32;;;;;;;;;1;;;;1;
;2;2;33;;;;;;;;;;;;;1;
;2;3;;Addieren und Subtrahieren gemischter Zahlen;;;;;;;;;;;;;
;2;3;1;;1;;;;;;;;;;;1;
;2;3;2;;;;;;;;;;1;;;1;
;2;3;3;;1;;;;;;;;;;1;1;
;2;3;4;;;;;;;;;;;;;1;1
;2;3;5;;1;;;;;;;;;1;;1;
;2;3;6;;1;;;;;;;;;;;1;
;2;3;7;;1;;;;;;;;;1;;1;
;2;3;8;;1;;;;;;;;;;;;1
;2;3;9;;1;;;;;;;;1;;;1;
;2;3;10;;1;;;;;;;;1;1;;1;
;2;3;11;;;;;;;;;;1;;;1;
;2;3;12;;;;;;;;;;;;;1;1
;2;3;13;;;;;;;;;1;;;;;
;2;3;14;;1;;;;;;;1;;;;1;
;2;3;15;;1;;;;;;;;;;;;
;2;3;16;;;;;;;;;;1;;;1;
;2;3;17;;;;;;;;;1;;;1;;
;2;4;;Addieren und Subtrahieren von Dezimalbrüchen;;;;;;;;;;;;;
;2;4;1;;1;;;;;;;;;;;1;
;2;4;2;;1;;;;;;;;;;;1;
;2;4;3;;;;;;;;;1;;;;1;
;2;4;4;;1;;;;;;;;1;1;;1;
;2;4;5;;;;;;;;;;;;1;;
;2;4;6;;1;;;;;;;1;;;;;1
;2;4;7;;1;;;;;;;;;;;1;
;2;4;8;;1;;;;;;;;;1;;1;
;2;4;9;;;;;;;;;;1;;;;
;2;4;10;;;;;;;;;;;;;1;
;2;4;11;;;;;;;;;1;;;;;1
;2;4;12;;;;;;;;;1;;;;;
;2;4;13;;;;;;;;;1;;;1;;
;2;4;14;;;;;;;;;;;;1;;1
;2;4;15;;;;;;;;;;;1;;1;
;2;4;16;;1;;;;;;;;;;1;1;
;2;4;17;;1;;;;;;;1;1;1;;1;
;2;4;18;;;;;;;;;;1;;;;
;2;4;19;;1;;;;;;;;1;;;;
;2;4;20;;1;;;;;;;1;1;;;;
;2;4;21;;;;;;;;;;1;;;;
;2;4;22;;;;;;;;;;1;;;;1
;2;4;23;;;;;;;;;;;;;1;
;2;WVV;;Wiederholen - Vertiefen - Vernetzen;;;;;;;;;;;;;
;2;Wiederholen;1;;;;;;;;;;;;;1;
;2;Wiederholen;2;;;;;;;;;;;;1;1;1
;2;Wiederholen;3;;;;;;;;;;;;;1;1
;2;Wiederholen;4;;;;;;;;;;;1;;1;
;2;Wiederholen;5;;;;;;;;;1;;1;;;
;2;Wiederholen;6;;;;;;;;;;1;;;1;
;2;Wiederholen;7;;;;;;;;;1;1;;;;1
;2;Wiederholen;8;;;;;;;;;;1;;;1;
;2;Wiederholen;9a;;;;;;;;;;1;;1;;1
;2;Wiederholen;9b;;;;;;;;;;1;;1;;
;2;Wiederholen;10;;;;;;;;;1;;;1;1;
;2;Wiederholen;11;;;;;;;;;;1;;;;1
;2;Wiederholen;12;;;;;;;;;1;1;;1;;
;2;Wiederholen;13;;;;;;;;;1;1;;;;
;2;Teste dich;;Teste Dich!;;;;;;;;;;;;;
;2;Teste dich;1;;;;;;;;;;;;;1;
;2;Teste dich;2;;;;;;;;;;;;;;1
;2;Teste dich;3a;;;;;;;;;;;1;;1;
;2;Teste dich;3b;;;;;;;;;1;1;;;;
;2;Teste dich;4;;;;;;;;;;;;;1;
;2;Teste dich;5;;;;;;;;;1;;;;;1
;2;Teste dich;6;;;;;;;;;;;;1;;1
;2;Teste dich;7;;;;;;;;;1;1;;;1;
;2;Teste dich;8;;;;;;;;;;1;;;1;
;2;Teste dich;9;;;;;;;;;;1;1;;;
;;;;;;;;;;;;;;;;;
;;;;;;;;;;;;;;;;;
;3;0;;Multiplikation und Division von Brüchen;;;;;;;;;;;;;
;3;;;Check In;;;;;;;;;;;;;
;3;;;Rechnen mit ganzen Zahlen;;;;;;;;;;;;;
;3;;;Rechengesetze;;;;;;;;;;;;;
;3;;;Brüche umwandeln;;;;;;;;;;;;;
;3;;;Erweitern / Kürzen;;;;;;;;;;;;;
;3;;;Brüche addieren;;;;;;;;;;;;;
;3;1;;Vervielfachen und Teilen von Brüchen (4 Aufgaben);;;;;;;;;;;;;
;3;1;1;;1;;;1;;;;;;;;1;
;3;1;2;;1;;;1;;;;;;;;1;
;3;1;3;;1;;;1;;;;;;1;;;
;3;1;4;;;;;1;;;;;1;;;;1
;3;1;5;;1;;;1;;;;;;;;1;
;3;1;6;;1;;;1;;;;;1;;;;
;3;1;7;;;;;1;;;;;;1;;;
;3;1;8;;1;;;1;;;;;;;;1;1
;3;1;9;;1;;1;;;;;;;;;1;
;3;1;10;;1;;1;;;;;;;1;;;
;3;1;11;;;;;;1;;;1;;;1;;1
;3;1;12;;;;;;1;;;;1;;1;;
;3;1;13;;1;;;;1;;;;;;;1;
;3;1;14;;;;;;1;;;;1;;;;
;3;1;15;;;;;;1;;;;1;;;;
;3;1;16;;1;;;;1;;;;;;;1;
;3;1;17;;;;;;1;;;;;1;;;
;3;1;18;;1;;;;1;;;1;;1;;;
;3;1;19;;1;;;;1;;;;;1;;;
;3;1;20;;1;;1;;;;;;1;;;;
;3;1;21;;1;;1;;;;;1;;1;;;
;3;1;22;;;;;;;1;;;1;1;;;
;3;1;23;;;;;;;;1;;;;;1;
;3;2;;Multiplizieren von Brüchen (6 Aufgaben);;;;;;;;;;;;;
;3;2;1;;1;;;1;;;;;;;;1;
;3;2;2;;1;-10;;1;;;;;;;;1;
;3;2;3;;1;;;1;;;;;1;;;;1
;3;2;4;;;;;1;;;;;1;;1;;1
;3;2;5;;;;;1;;;;;1;;1;;1
;3;2;6;;;;;1;;;;;1;;;;1
;3;2;7;;1;-10;;1;;;;;;1;;;
;3;2;8;;;;;1;;;;;;1;;;1
;3;2;9;;1;;;1;;;;;;1;;;
;3;2;10;;1;;1;;;;;;;;;1;
;3;2;11;;1;;1;;;;;1;;;1;;1
;3;2;12;;1;;1;;;;;;1;;;;
;3;2;13;;1;-10;;;1;;;;1;;1;;
;3;2;14;;;;;;1;;;;;;;1;
;3;2;15;;1;;;;1;;;;;;;1;
;3;2;16;;;;;;1;;;1;;;;1;1
;3;2;17;;;;;;1;;;;;;1;1;
;3;2;18;;;;;;1;;;1;;;;;
;3;2;19;;;;;;1;;;1;;;;1;
;3;2;20;;1;;;;1;;;;1;;;;
;3;2;21;;;;;;1;;;;;1;;;
;3;2;22;;1;;;;1;;;;1;;;;
;3;2;23;;1;;1;;;;;;1;;1;;
;3;2;24;;1;;1;;;;;;;1;;;
;3;2;25;;;;;;;1;;;1;;;;
;3;2;26;;;;;;;;1;;1;;;;
;3;3;;Dividieren von Brüchen (6 Aufgaben);;;;;;;;;;;;;
;3;3;1;;1;;;1;;;;;;;;;1
;3;3;2;;1;;;1;;;;;;;;1;
;3;3;3;;1;-10;;1;;;;;;;;1;
;3;3;4;;;;;1;;;;;1;;;;
;3;3;5;;1;;;1;;;;;;1;;;
;3;3;6;;;;;1;;;;;;;;1;
;3;3;7;;;;;1;;;;1;1;;;;
;3;3;8;;1;-10;;1;;;;;;1;;;1
;3;3;9;;1;;1;;;;;;;;;1;1
;3;3;10;;1;;1;;;;;;;;;1;
;3;3;11;;1;;;;1;;;;;;1;;
;3;3;12;;1;;;;1;;;;1;;;1;
;3;3;13;;;-10;;;1;;;;1;;;;1
;3;3;14;;;-10;;;1;;;;1;;1;;
;3;3;15;;1;;;;1;;;;1;;;;1
;3;3;16;;;;;;1;;;;1;;1;;
;3;3;17;;;;;;1;;;;1;;;;
;3;3;18;;1;;;;1;;;;1;;;;
;3;3;19;;1;;;;1;;;;1;1;;;
;3;3;20;;;;;;1;;;;;1;;;
;3;3;21;;1;;1;;;;;;1;;;1;
;3;3;22;;1;;1;;;;;;1;;;;
;3;3;23;;1;;1;;;;;1;1;;;;
;3;3;24;;;;;;;1;;;;1;;;
;3;3;25;;;;;;;;1;1;;;1;;
;3;3;26;;;;;;;;1;;;;;;
;3;4;;Dezimalbrüche und Zehnerpotzen (3 Aufgaben);;;;;;;;;;;;;
;3;4;1;;1;;;1;;;;;;;;1;
;3;4;2;;1;;;1;;;;;1;;;;
;3;4;3;;;;;1;;;;;;;1;;
;3;4;4;;1;;1;;;;;;1;;1;;
;3;4;5;;1;;1;;;;;;;;;;1
;3;4;6;;1;;;;1;;;;1;;;;1
;3;4;7;;;;;;1;;;;1;;;;1
;3;4;8;;1;;;;1;;;;1;;1;;
;3;4;9;;1;;;;1;;;;;1;;1;
;3;4;10;;;;;;1;;;;;1;;;
;3;4;11;;1;;1;;;;;;1;;;;
;3;4;12;;1;;1;;;;;;1;;1;;
;3;4;13;;;;;;;1;;;1;1;;;
;3;4;14;;;;;;;;1;;;;;1;
;3;5;;Multiplizieren von Dezimalbrüchen (4 Aufgaben);;;;;;;;;;;;;
;3;5;1;;1;;;1;;;;;;;;1;
;3;5;2;;;;;1;;;;;;;;1;
;3;5;3;;;;;1;;;;;;;;1;
;3;5;4;;1;;;1;;;;;;;;;1
;3;5;5;;1;;;1;;;;;;;;1;
;3;5;6;;1;;;1;;;;;1;;;;1
;3;5;7;;;;;1;;;;;;1;;;
;3;5;8;;1;;1;;;;;;;;;1;
;3;5;9;;1;;1;;;;;;;1;;;
;3;5;10;;1;;;;1;;;;;1;;;
;3;5;11;;1;;;;1;;;1;1;;;;1
;3;5;12;;;;;;1;;;;1;;;;
;3;5;13;;;;;;1;;;;1;1;;;
;3;5;14;;1;;;;1;;;;1;;1;;
;3;5;15;;;;;;1;;;;1;;;;1
;3;5;16;;1;;;;1;;;;1;;1;;
;3;5;17;;1;;;;1;;;;1;1;;;
;3;5;18;;;;;;1;;;;1;;;1;
;3;5;19;;1;;;;1;;;1;;1;;;1
;3;5;20;;;;;;1;;;;1;1;;;
;3;5;21;;1;;1;;;;;;;;;1;
;3;5;22;;1;;1;;;;;;;1;;;
;3;5;23;;1;;;;;1;;1;1;;;;
;3;5;24;;;;;;;1;;1;;1;;;1
;3;5;25;;;;;;;;1;;;;1;;
;3;6;;Dividieren von Dezimalbrüchen (4 Aufgaben);;;;;;;;;;;;;
;3;6;1;;1;;;1;;;;;;;;1;
;3;6;2;;1;;;1;;;;;;;;1;
;3;6;3;;1;;;1;;;;;1;1;;;
;3;6;4;;;;;1;;;;1;;1;;;
;3;6;5;;1;;;1;;;;;1;;;;1
;3;6;6;;1;;;1;;;;;;;;1;
;3;6;7;;1;;;1;;;;;;;;1;
;3;6;8;;;;;1;;;;1;;;;;
;3;6;9;;;;;1;;;;;;1;1;;
;3;6;10;;1;;1;;;;;;;;;1;
;3;6;11;;1;;1;;;;;;1;;;;
;3;6;12;;;;;;1;;;;1;;;;
;3;6;13;;1;;;;1;;;;1;;1;;1
;3;6;14;;;;;;1;;;1;;;;;1
;3;6;15;;;;;;1;;;;1;;;;
;3;6;16;;;;;;1;;;;1;;;;
;3;6;17;;;;;;1;;;;1;1;;;
;3;6;18;;1;;;;1;;;;1;;1;;
;3;6;19;;1;;;;1;;;;;;1;1;
;3;6;20;;;;;;1;;;;;;1;1;
;3;6;21;;1;;;;1;;;;1;;;;
;3;6;22;;1;;;;1;;;1;;1;;;
;3;6;23;;;;;;1;;;;;1;;;1
;3;6;24;;;;;;1;;;;;1;;;1
;3;6;25;;1;;;;1;;;;;1;;;
;3;6;26;;1;;;;1;;;;;;;1;
;3;6;27;;1;;1;;;;;;1;;1;;
;3;6;28;;1;;1;;;;;;;;;1;
;3;6;29;;1;;1;;;;;;1;1;;;
;3;6;30;;1;;;;;1;;;1;1;;;
;3;6;31;;;;;;;1;;;1;;;;
;3;6;32;;;;;;;;1;;;;1;;
;3;Wiederholen;;Wiederholen - Vertiefen - Verenetzen;;;;;;;;;;;;;
;3;Wiederholen;1;;;;;1;;;;;;;;1;
;3;Wiederholen;2;;;;;1;;;;;;;;1;
;3;Wiederholen;3;;;;;1;;;;;;;;3;
;3;Wiederholen;4;;;;;1;;;;;;1;;;
;3;Wiederholen;5;;;;;1;;;;;1;;;;1
;3;Wiederholen;6;;;;;1;;;;;1;;;;
;3;Wiederholen;7;;;;;1;;;;;1;;1;;
;3;Wiederholen;8;;;;;1;;;;;;;;1;
;3;Wiederholen;9;;;;;;1;;;;1;;;;
;3;Wiederholen;10;;;;;;1;;;1;;;;;
;3;Wiederholen;11;;;;;;1;;;;1;;;;
;3;Wiederholen;12;;;;;;1;;;;1;;;;
;3;Wiederholen;13;;;;;;1;;;;;1;;;
;3;Wiederholen;14;;;;;;1;;;;1;;;;
;3;Wiederholen;15;;;;;;1;;;;;1;;;
;3;Wiederholen;16;;;;;;1;;;1;1;;1;;
;3;Wiederholen;17;;;;;;1;;;;1;1;1;;
;3;Wiederholen;18;;;;;;;1;;;1;;;;
;3;Wiederholen;19;;;;;;;1;;1;;1;;;
;3;Wiederholen;20;;;;;;;1;;;;1;;;
;3;Wiederholen;21;;;;;;;1;;;1;;;;1
;3;Wiederholen;22;;;;;;;1;;;1;1;1;;
;3;Teste dich;0;Teste dich;;;;;;;;;;;;;
;3;Teste dich;1;;;;1;;;;;;;;;1;
;3;Teste dich;2;;;;1;;;;;;1;;;;1
;3;Teste dich;3;;;;1;;;;;;;;;1;
;3;Teste dich;4;;;;1;;;;;;;;;1;
;3;Teste dich;5;;;;1;;;;;;;;1;1;1
;3;Teste dich;6;;;;1;;;;;;;1;;;
;3;Teste dich;7;;;;1;;;;;;1;;;;
;3;Teste dich;8;;;;1;;;;;;;;1;1;
;3;Teste dich;9;;;;1;;;;;;1;1;;;
;3;Teste dich;10;;;;1;;;;;;1;1;;;
;3;Teste dich;11;;;;1;;;;;1;1;;;;1
;3;Teste dich;12;;;;1;;;;;;;1;;;1
;;;;;;;;;;;;;;;;;
;4;0;;Flächeninhalte;;;;;;;;;;;;;
;4;;;Check In;;;;;;;;;;;;;
;4;;;Längeneinheiten umwandeln;;;;;;;;;;;;;
;4;;;Flächeneinheiten umwandeln;;;;;;;;;;;;;
;4;;;Flächeininhalte berechnen;;;;;;;;;;;;;
;4;;;Oberflächen von Quadern bestimmen;;;;;;;;;;;;;
;4;;;Netze von Quadern und Würfeln zeichnen;;;;;;;;;;;;;
;;;;;;;;;;;;;;;;;
;4;1;;Flächeninhalt eines Parallelogramms (4 Aufgaben);;;;;;;;;;;;;
;4;1;1;;1;;;1;;;;;1;;;;
;4;1;2;;1;;;1;;;;1;;;1;;1
;4;1;3;;;;;1;;;;;1;;1;1;
;4;1;4;;;;;1;;;;1;;;;1;1
;4;1;5;;1;;1;;;;;;1;;;1;1
;4;1;6;;1;;;;1;;;;1;;;;1
;4;1;7;;1;;;;1;;;;1;;;1;
;4;1;8;;1;;;;1;;;;1;1;1;;
;4;1;9;;;;;;1;;;;;1;1;;
;4;1;10;;;;;;1;;;1;;;;;
;4;1;11;;1;;;;1;;;;1;;1;;
;4;1;12;;1;;;;1;;;;1;;1;1;
;4;1;13;;1;;;;1;;;;1;;;1;
;4;1;14;;;;;;1;;;;1;;;;1
;4;1;15;;1;;;;1;;;1;;;;;1
;4;1;16;;1;;1;;;;;1;;;1;;
;4;1;17;;1;;1;;;;;;1;;;1;
;4;1;18;;1;;;;;1;;;1;;;;1
;4;1;19;;;;;;;1;;1;1;;;;
;4;1;20;;;;;;;;1;;1;;;1;
;4;2;;Flächeninhalt eines Dreiecks (5 Aufgaben);;;;;;;;;;;;;
;4;2;1;;1;;;1;;;;;;;;1;
;4;2;2;;1;;;1;;;;;1;;;;
;4;2;3;;1;;;1;;;;;1;;;1;
;4;2;4;;1;;;1;;;;1;;;;;1
;4;2;5;;1;;;1;;;;;1;1;;;
;4;2;6;;;;;1;;;;;1;;;;1
;4;2;7;;1;;1;;;;;;1;;;1;
;4;2;8;;1;;1;;;;;;1;;;1;
;4;2;9;;;;;;1;;;;;;1;1;
;4;2;10;;1;;;;1;;;1;;;;1;
;4;2;11;;1;;;;1;;;;1;;;1;
;4;2;12;;;;;;1;;;1;1;;1;;
;4;2;13;;1;;;;1;;;;1;;;;
;4;2;14;;1;;;;1;;;1;;;;;
;4;2;15;;;;;;1;;;1;;;;1;1
;4;2;16;;;;;;1;;;;1;;;1;
;4;2;17;;;;;;1;;;;;;;;
;4;2;18;;1;;;;1;;;;;1;;;
;4;2;19;;;;;;1;;;1;;;;1;1
;4;2;20;;1;;;;1;;;1;;;;;1
;4;2;21;;;;;;1;;;;;1;;;1
;4;2;22;;;;;;1;;;;1;;;1;
;4;2;23;;1;;1;;;;;1;;;;1;1
;4;2;24;;1;;1;;;;;;1;;;;1
;4;2;25;;;;;;;1;;1;1;1;;;1
;4;2;26;;1;;;;;1;;;;;1;1;
;4;2;27;;;;;;;;1;;;;1;1;
;4;2;28;;;;;;;;1;;;;;1;
;4;3;;Flächeninhalt eines Trapezes (5 Aufgaben);;;;;;;;;;;;;
;4;3;1;;1;;;1;;;;;1;;1;;
;4;3;2;;1;;;1;;;;;1;;;1;
;4;3;3;;;;;1;;;;;;;1;1;
;4;3;4;;1;;1;;;;;;1;;1;;
;4;3;5;;1;;;;1;;;;1;;;1;
;4;3;6;;1;;;;1;;;;1;;;1;
;4;3;7;;1;;;;1;;;1;1;;;;
;4;3;8;;;;;;1;;;1;;;;;1
;4;3;9;;1;;;;1;;;;1;;;1;1
;4;3;10;;1;;;;1;;;;1;;;;1
;4;3;11;;;;;;1;;;;;;1;;1
;4;3;12;;1;;;;1;;;;1;;1;;
;4;3;13;;;;;;1;;;;1;1;1;;
;4;3;14;;1;;;;1;;;;;1;1;;
;4;3;15;;;;;;1;;;1;;;1;1;
;4;3;16;;;;;;1;;;1;;1;;;1
;4;3;17;;;;;;1;;;1;1;;;;
;4;3;18;;1;;;;1;;;1;;;;;1
;4;3;19;;1;;;;1;;;;;;1;1;
;4;3;20;;1;;1;;;;;;1;;;1;1
;4;3;21;;1;;1;;;;;1;1;;;;
;4;3;22;;;;;;;1;;;1;;;1;
;4;3;23;;;;;;;1;;;;;1;1;
;4;3;24;;;;;;;;1;;1;;;1;
;4;3;25;;;;;;;;1;;1;;;;
;4;4;;Netz und Oberflächeninhalt (5 Aufgaben);;;;;;;;;;;;;
;4;4;1;;1;;;1;;;;;1;;1;;1
;4;4;2;;;;;1;;;;;;;;1;
;4;4;3;;1;;;1;;;;1;1;;;;
;4;4;4;;;;;1;;;;;;;1;1;
;4;4;5;;1;;;1;;;;;;1;1;;
;4;4;6;;;;;1;;;;;;;1;1;
;4;4;7;;1;;1;;;;;1;;;1;1;
;4;4;8;;;;;;1;;;1;;1;;;
;4;4;9;;1;;;;1;;;;1;;1;;
;4;4;10;;;;;;1;;;;;1;;1;
;4;4;11;;1;;;;1;;;;1;;;;1
;4;4;12;;1;;;;1;;;;;;;1;
;4;4;13;;1;;;;1;;;;1;;;1;1
;4;4;14;;1;;;;1;;;1;;;;;
;4;4;15;;;;;;1;;;;;;1;1;1
;4;4;16;;1;;;;1;;;;;;;1;
;4;4;17;;;;;;1;;;;1;;;1;
;4;4;18;;;;;;1;;;;1;;;;
;4;4;19;;1;;;;1;;;1;;;1;;1
;4;4;20;;1;;1;;;;;1;;;1;1;
;4;4;21;;1;;1;;;;;;1;;;1;
;4;4;22;;;;;;;1;;;1;;;1;
;4;4;23;;;;;;;1;;;;;;1;
;4;4;24;;;;;;;;1;;;;;1;
;4;4;25;;;;;;;;1;;1;;;1;
;4;;;Wiederholen-Vertiefen-Vernetzen (5 Aufgaben);;;;;;;;;;;;;
;4;Wiederholen;1;;;;;;;;;;;;;1;
;4;Wiederholen;2;;;;;;;;;;1;;;;
;4;Wiederholen;3;;;;;;;;;;1;1;;;1
;4;Wiederholen;4;;;;;;;;;;1;;;1;
;4;Wiederholen;5;;;;;;;;;1;;;1;;1
;4;Wiederholen;6;;;;;;;;;1;1;;;;
;4;Wiederholen;7;;;;;;;;;;;;;1;
;4;Wiederholen;8;;;;;;;;;;;;1;1;1
;4;Wiederholen;9;;;;;;;;;1;;;;;
;4;Wiederholen;10;;;;;;;;;;1;1;1;;1
;4;Wiederholen;11;;;;;;;;;;;;1;;1
;4;Wiederholen;12;;;;;;;;;1;;;;1;
;4;Wiederholen;13;;;;;;;;;;;;;1;1
;4;Wiederholen;14;;;;;;;;;;;;;1;1
;4;Wiederholen;15;;;;;;;;;;1;;;;1
;4;Wiederholen;16;;;;;;;;;;1;;;1;
;4;Wiederholen;17;;;;;;;;;;;1;;1;
;4;Wiederholen;18;;;;;;;;;;1;;1;;1
;4;Wiederholen;19;;;;;;;;;;1;1;1;;
;4;Wiederholen;20;;;;;;;;;;1;;;;
;4;Wiederholen;21;;;;;;;;;1;;1;;;
;4;Wiederholen;22;;;;;;;;;;1;;1;;
;4;;0;Teste dich;;;;;;;;;;;;;
;4;Teste dich;1;;;;;;;;;;;;;1;
;4;Teste dich;2;;;;;;;;;;;1;;1;
;4;Teste dich;3;;;;;;;;;;;;1;1;
;4;Teste dich;4;;;;;;;;;1;1;;;;1
;4;Teste dich;5;;;;;;;;;;1;;;1;1
;4;Teste dich;6;;;;;;;;;;1;;1;;
;4;Teste dich;7;;;;;;;;;;;;;1;
;4;Teste dich;8;;;;;;;;;;1;;;;
;4;Teste dich;9;;;;;;;;;;1;1;1;;
;4;Teste dich;10;;;;;;;;;1;;1;1;;1
;5;1;1;;1;;;;;;;;;;;1;
;5;1;2;;;;;;;;;;;;;1;
;5;1;3;;;;;;;;;1;1;;;;
;5;1;4;;1;;;;;;;;1;;;1;
;5;1;5;;1;;;;;;;;1;;1;;
;5;1;6;;1;;;;;;;1;;;1;1;
;5;1;7;;;;;;;;;;1;;1;;1
;5;1;8;;1;;;;;;;;1;;;1;1
;5;1;9;;1;;;;;;;1;;;;;
;5;1;10;;;;;;;;;;;1;1;;
;5;1;11;;;;;;;;;;;1;1;;
;5;1;12;;1;;;;;;;1;;;;;
;5;1;13;;1;;;;;;;;1;;;;1
;5;1;14;;;;;;;;;;;;;;1
;5;2;1;;1;;;;;;;1;;1;;;1
;5;2;2;;1;;;;;;;1;;;;1;
;5;2;3;;1;;;;;;;;;;;1;
;5;2;4;;;;;;;;;;1;;;1;
;5;2;5;;1;;;;;;;;;;;1;
;5;2;6;;1;;;;;;;;1;;;1;1
;5;2;7;;;;;;;;;;1;;;;
;5;2;8;;1;;;;;;;;1;;;;1
;5;2;9;;;;;;;;;;;1;;;
;5;2;10;;1;;;;;;;;1;;;1;
;5;2;11;;;;;;;;;;1;;;;
;5;2;12;;;;;;;;;;1;;;1;
;5;2;13;;1;;;;;;;;;;;1;
;5;2;14;;1;;;;;;;1;;;1;;
;5;2;15;;1;;;;;;;;;;1;;
;5;2;16;;1;;;;;;;;1;;;1;
;5;2;17;;1;;;;;;;1;;1;;;
;5;2;18;;1;;;;;;;;;1;;;1
;5;2;19;;;;;;;;;;1;;;;1
;5;2;20;;1;;;;;;;;1;;;1;
;5;2;21;;1;;;;;;;;1;;;1;
;5;2;22;;1;;;;;;;;1;;1;;
;5;2;23;;1;;;;;;;;1;;;1;
;5;2;24;;;;;;;;;1;;1;;;
;5;2;25;;1;;;;;;;;1;;;1;
;5;2;26;;;;;;;;;;1;1;;;1
;5;2;27;;1;;;;;;;1;1;1;;;
;5;2;28;;1;;;;;;;;1;;;1;
;5;2;29;;1;;;;;;;1;1;;;;
;5;2;30;;;;;;;;;;1;;;1;
;5;2;31;;;;;;;;;;;;;1;1
;5;2;32;;1;;;;;;;;1;1;;;
;5;2;33;;;;;;;;;;1;;;1;
;5;3;1;;1;;;;;;;;;;;1;1
;5;3;2;;1;;;;;;;;;;;1;
;5;3;3;;1;;;;;;;;;;;1;1
;5;3;4;;;;;;;;;1;;;;;
;5;3;5;;1;;;;;;;;1;1;;;
;5;3;6;;;;;;;;;;1;;;;1
;5;3;7;;;;;;;;;;1;1;;;
;5;3;8;;1;;;;;;;;1;;;1;
;5;3;9;;1;;;;;;;;1;;;1;1
;5;3;10;;1;;;;;;;;1;1;;;
;5;3;11;;1;;;;;;;;;;;1;
;5;3;12;;;;;;;;;;1;;;;1
;5;3;13;;1;;;;;;;;1;1;;;
;5;3;14;;1;;;;;;;;1;;;1;
;5;3;15;;;;;;;;;;;1;1;;
;5;3;16;;1;;;;;;;;1;;;;1
;5;3;17;;1;;;;;;;;1;1;;;
;5;3;18;;;;;;;;;1;;;;;1
;5;3;19;;;;;;;;;;1;;;1;
;5;3;20;;;;;;;;;;1;1;;;
;5;3;21;;;;;;;;;;1;;1;;
;5;3;22;;;;;;;;;;1;;;1;
;5;3;23;;1;;;;;;;;1;;1;;
;5;3;24;;1;;;;;;;;1;1;;;
;5;3;25;;1;;;;;;;;1;;;1;
;5;3;26;;1;;;;;;;1;;;;;
;5;3;27;;;;;;;;;;;1;1;;
;5;3;28;;;;;;;;;;1;;;;1
;5;4;1;;1;;;;;;;;;;1;1;
;5;4;2;;1;;;;;;;;1;;1;;
;5;4;3;;;;;;;;;;1;;;;1
;5;4;4;;1;;;;;;;;1;1;;;
;5;4;5;;1;;;;;;;;1;;;;1
;5;4;6;;1;;;;;;;;;;1;1;
;5;4;7;;1;;;;;;;;1;;1;;
;5;4;8;;;;;;;;;;;;1;1;
;5;4;9;;1;;;;;;;;1;1;;;
;5;4;10;;1;;;;;;;;1;;1;;
;5;4;11;;1;;;;;;;1;;;1;1;
;5;4;12;;1;;;;;;;;1;1;;;1
;5;4;13;;;;;;;;;;;1;;;1
;5;4;14;;1;;;;;;;;;;1;1;
;5;4;15;;;;;;;;;;1;;1;;
;5;4;16;;;;;;;;;;1;;;1;
;5;Wiederholen;1;;;;;;;;;1;;;;;1
;5;Wiederholen;2;;;;;;;;;;;;;1;
;5;Wiederholen;3;;;;;;;;;;;;;1;
;5;Wiederholen;4;;;;;;;;;;1;1;;;
;5;Wiederholen;5;;;;;;;;;;1;1;;;
;5;Wiederholen;6;;;;;;;;;;;1;1;;1
;5;Wiederholen;7;;;;;;;;;;1;;;1;
;5;Wiederholen;8;;;;;;;;;;1;1;;;
;5;Wiederholen;9;;;;;;;;;;;1;;;1
;5;Wiederholen;10;;;;;;;;;1;1;;;;
;5;Wiederholen;11;;;;;;;;;1;1;;;;
;5;Wiederholen;12;;;;;;;;;;1;;;1;
;5;Wiederholen;13;;;;;;;;;;1;;1;;
;5;Wiederholen;14;;;;;;;;;;;1;;;1
;5;Wiederholen;15;;;;;;;;;;1;1;;;
;5;Wiederholen;16;;;;;;;;;;1;;;1;
;5;Wiederholen;17;;;;;;;;;;;1;1;;
;5;Wiederholen;18;;;;;;;;;;1;1;;;1
;5;Wiederholen;19;;;;;;;;;;1;1;;;
;5;Wiederholen;20;;;;;;;;;;1;1;1;;
;5;Wiederholen;21;;;;;;;;;;1;1;;;1
;5;Wiederholen;22;;;;;;;;;;1;1;;;
;5;Teste dich;1;;;;;;;;;;;;;;1
;5;Teste dich;2;;;;;;;;;;1;;;1;
;5;Teste dich;3;;;;;;;;;;;;1;1;1
;5;Teste dich;4;;;;;;;;;;1;;;1;
;5;Teste dich;5;;;;;;;;;1;;;1;;1
;5;Teste dich;6;;;;;;;;;;1;1;;;
;5;Teste dich;7;;;;;;;;;;1;1;;;
;5;Teste dich;8;;;;;;;;;;1;;1;;
;5;Teste dich;9;;;;;;;;;1;1;;;;
;5;Teste dich;10;;;;;;;;;;1;;;1;
;5;Teste dich;11;;;;;;;;;1;;1;;;
;5;Teste dich;12;;;;;;;;;1;1;;;;1
;6;1;1;;1;;;;;;;;1;;;1;
;6;1;2;;;;;;;;;;;;;1;
;6;1;3;;1;;;;;;;;;;1;1;
;6;1;4;;1;;;;;;;;1;;;;
;6;1;5;;1;;;;;;;;;;;1;
;6;1;6;;;;;;;;;;;;;1;
;6;1;7;;1;;;;;;;;;;1;1;
;6;1;8;;;;;;;;;;;;;1;1
;6;1;9;;1;;;;;;;;1;;;1;
;6;1;10;;1;;;;;;;;;;;1;
;6;1;11;;1;;;;;;;;;;;1;
;6;1;12;;1;;;;;;;;;;;1;
;6;1;13;;1;;;;;;;;;;;1;
;6;1;14;;1;;;;;;;1;;;;1;1
;6;1;15;;1;;;;;;;;1;;1;1;
;6;1;16;;1;;;;;;;;1;;;1;
;6;1;17;;1;;;;;;;;1;;;1;
;6;1;18;;1;;;;;;;;;1;1;1;
;6;1;19;;;;;;;;;1;1;1;;;
;6;1;20;;;;;;;;;;;;;1;
;6;2;1;;1;;;;;;;;1;;;1;
;6;2;2;;1;;;;;;;;;;;1;
;6;2;3;;1;;;;;;;;;1;1;1;
;6;2;4;;1;;;;;;;;;;1;1;
;6;2;5;;;;;;;;;;1;;;1;
;6;2;6;;1;;;;;;;;1;;;1;1
;6;2;7;;1;;;;;;;1;;;;;
;6;2;8;;1;;;;;;;1;;;;1;
;6;2;9;;;;;;;;;1;;;;;1
;6;2;10;;;;;;;;;;1;;;1;
;6;2;11;;1;;;;;;;;;;1;1;1
;6;2;12;;1;;;;;;;;;1;;;1
;6;2;13;;1;;;;;;;;;;;1;
;6;2;14;;1;;;;;;;;;;1;1;
;6;2;15;;;;;;;;;;;;;1;1
;6;2;16;;;;;;;;;;;;;1;
;6;2;17;;1;;;;;;;;;1;1;1;
;6;2;18;;1;;;;;;;;;1;;1;
;6;2;19;;1;;;;;;;;1;;;1;1
;6;2;20;;1;;;;;;;;1;1;;1;
;6;2;21;;1;;;;;;;;;;;1;
;6;2;22;;1;;;;;;;1;;;;;1
;6;2;23;;1;;;;;;;;;;1;1;1
;6;2;24;;1;;;;;;;;;1;;1;
;6;2;25;;;;;;;;;;;1;1;;
;6;2;26;;;;;;;;;;1;;;1;
;6;3;1;;1;;;;;;;;;;1;1;1
;6;3;2;;1;;;;;;;;;;1;1;
;6;3;3;;1;;;;;;;;;;1;1;
;6;3;4;;;;;;;;;;1;;1;1;
;6;3;5;;;;;;;;;;;;1;;1
;6;3;6;;1;;;;;;;;1;;;1;
;6;3;7;;1;;;;;;;;1;;1;;1
;6;3;8;;1;;;;;;;1;;;;;1
;6;3;9;;1;;;;;;;;1;1;;1;
;6;3;10;;;;;;;;;;;;;1;
;6;3;11;;1;;;;;;;1;;;;;1
;6;3;12;;;;;;;;;1;;;;1;
;6;3;13;;;;;;;;;;1;;1;;
;6;3;14;;1;;;;;;;;;;1;1;
;6;3;15;;1;;;;;;;;1;;1;;
;6;3;16;;;;;;;;;;;;;1;1
;6;3;17;;;;;;;;;;;;1;1;
;6;4;1;;1;;;;;;;;1;;1;;1
;6;4;2;;;;;;;;;;;1;1;;
;6;4;3;;1;;;;;;;;;1;1;;
;6;4;4;;;;;;;;;;1;1;;;1
;6;4;5;;1;;;;;;;;1;;;1;1
;6;4;6;;1;;;;;;;;;;1;1;1
;6;4;7;;1;;;;;;;;1;;;1;
;6;4;8;;1;;;;;;;;1;1;;;
;6;4;9;;1;;;;;;;;;1;1;;
;6;4;10;;1;;;;;;;;1;1;;1;
;6;4;11;;;;;;;;;;1;;1;;
;6;4;12;;1;;;;;;;1;;;;1;
;6;4;13;;1;;;;;;;;1;;;1;
;6;4;14;;;;;;;;;;;1;;1;
;6;4;15;;1;;;;;;;;1;1;1;;
;6;4;16;;;;;;;;;;1;1;;1;
;6;4;17;;;;;;;;;1;;;1;1;
;6;Wiederhole;1;;;;;;;;;;1;;;1;1
;6;Wiederhole;2;;;;;;;;;;;;1;;
;6;Wiederhole;3;;;;;;;;;;1;;1;;
;6;Wiederhole;4;;;;;;;;;;;1;;1;1
;6;Wiederhole;5;;;;;;;;;;1;;1;;1
;6;Wiederhole;6;;;;;;;;;;;;1;1;
;6;Wiederhole;7;;;;;;;;;;;1;;;
;6;Wiederhole;8;;;;;;;;;1;1;;;;1
;6;Wiederhole;9;;;;;;;;;;;;1;;
;6;Wiederhole;10;;;;;;;;;;1;;1;;1
;6;Wiederhole;11;;;;;;;;;;1;1;;1;
;6;Wiederhole;12;;;;;;;;;;;;1;1;
;6;Wiederhole;13;;;;;;;;;;;;1;1;1
;6;Wiederhole;14;;;;;;;;;1;;;1;;
;6;Wiederhole;15;;;;;;;;;1;;;1;;
;6;Wiederhole;16;;;;;;;;;;1;;;1;
;6;Wiederhole;17;;;;;;;;;;;1;1;1;
;6;Wiederhole;18;;;;;;;;;1;;1;1;;
;6;Teste dich;1;;;;;;;;;;;;1;;
;6;Teste dich;2;;;;;;;;;;1;;;1;1
;6;Teste dich;3;;;;;;;;;;;;1;;
;6;Teste dich;4;;;;;;;;;;;;1;1;
;6;Teste dich;5;;;;;;;;;;1;1;;1;
;6;Teste dich;6;;;;;;;;;1;;;1;1;
;6;Teste dich;7;;;;;;;;;;1;1;;1;
;6;Teste dich;8;;;;;;;;;;1;;;1;
;6;Teste dich;9;;;;;;;;;;1;1;;;
;6;Teste dich;10;;;;;;;;;;;1;;1;
;7;1;1;;1;;;;;;;;;;;1;
;7;1;2;;1;;;;;;;;;;;1;
;7;1;3;;1;;;;;;;;1;1;;;
;7;1;4;;;;;;;;;;;;;1;
;7;1;5;;1;;;;;;;;1;;;;1
;7;1;6;;;;;;;;;;1;;;;1
;7;1;7;;1;;;;;;;1;1;;;;
;7;1;8;;;;;;;;;;;;;1;1
;7;1;9;;1;;;;;;;;;;;1;
;7;1;10;;1;;;;;;;;1;;1;;
;7;1;11;;1;;;;;;;;1;1;;;
;7;1;12;;;;;;;;;;1;;1;;
;7;1;13;;1;;;;;;;;1;;;1;
;7;1;14;;;;;;;;;;1;1;;;
;7;1;15;;;;;;;;;;1;;;1;
;7;1;16;;1;;;;;;;;;;;1;
;7;1;17;;1;;;;;;;1;;1;;;
;7;1;18;;1;;;;;;;;;;;1;
;7;1;19;;;;;;;;;;;;1;1;
;7;1;20;;1;;;;;;;;1;;;1;
;7;1;21;;1;;;;;;;;;;;1;
;7;1;22;;1;;;;;;;;1;1;;;
;7;1;23;;;;;;;;;;;1;1;;
;7;1;24;;;;;;;;;;1;;1;;
;7;2;1;;1;;;;;;;;1;;1;;1
;7;2;2;;1;;;;;;;;1;;1;;
;7;2;3;;;;;;;;;;;;1;1;
;7;2;4;;1;;;;;;;;;;1;1;
;7;2;5;;1;;;;;;;;1;;1;;
;7;2;6;;1;;;;;;;;;1;1;;
;7;2;7;;;;;;;;;;;1;1;;
;7;2;8;;;;;;;;;;1;;1;;
;7;2;9;;;;;;;;;;;;1;1;
;7;2;10;;1;;;;;;;;1;;1;;
;7;2;11;;1;;;;;;;;1;;;1;
;7;2;12;;1;;;;;;;;1;;1;;
;7;2;13;;;;;;;;;;;1;1;;1
;7;2;14;;;;;;;;;;;;1;1;
;7;2;15;;1;;;;;;;;;1;;;1
;7;2;16;;;;;;;;;;;1;;;1
;7;2;17;;1;;;;;;;1;;;1;;1
;7;2;18;;1;;;;;;;;1;;;;1
;7;2;19;;1;;;;;;;1;1;;1;1;1
;7;2;20;;;;;;;;;;;1;1;;
;7;2;21;;1;;;;;;;;1;1;;;
;7;2;22;;;;;;;;;;;;;1;
;7;3;1;;1;;;;;;;;;;;1;
;7;3;2;;1;;;;;;;;;;;1;
;7;3;3;;;;;;;;;;;;;1;
;7;3;4;;;;;;;;;;;;1;1;
;7;3;5;;1;;;;;;;;1;;;1;
;7;3;6;;;;;;;;;;;;1;;1
;7;3;7;;1;;;;;;;;1;;;;1
;7;3;8;;1;;;;;;;;;;;1;
;7;3;9;;1;;;;;;;;1;;1;;
;7;3;10;;1;;;;;;;;1;;;1;
;7;3;11;;1;;;;;;;;1;1;;;
;7;3;12;;;;;;;;;;;1;1;;
;7;3;13;;1;;;;;;;;1;;;;1
;7;3;14;;;;;;;;;;;;1;;1
;7;3;15;;1;;;;;;;;1;1;;;
;7;3;16;;;;;;;;;;;1;;;1
;7;3;17;;1;;;;;;;;1;1;;;
;7;3;18;;;;;;;;;;1;1;;;
;7;3;19;;;;;;;;;1;1;;;;
;7;3;20;;1;;;;;;;;1;;1;;
;7;3;21;;;;;;;;;;1;;1;;
;7;3;22;;1;;;;;;;;;1;;1;
;7;3;23;;;;;;;;;1;;;1;;
;7;4;1;;1;;;;;;;;;;;1;
;7;4;2;;1;;;;;;;;;;;1;
;7;4;3;;1;;;;;;;;;;;1;
;7;4;4;;;;;;;;;;1;;;1;
;7;4;5;;;;;;;;;;1;;1;;
;7;4;6;;1;;;;;;;;1;1;;;
;7;4;7;;;;;;;;;;1;;1;;
;7;4;8;;1;;;;;;;;1;;;1;
;7;4;9;;1;;;;;;;;;;;1;
;7;4;10;;1;;;;;;;;1;1;;;
;7;4;11;;1;;;;;;;;;1;;1;
;7;4;12;;;;;;;;;;;1;;1;
;7;4;13;;1;;;;;;;;1;;;1;
;7;4;14;;1;;;;;;;;1;1;;;
;7;4;15;;;;;;;;;;;;1;1;
;7;4;16;;;;;;;;;;;1;;;1
;7;4;17;;1;;;;;;;;;1;;;1
;7;4;18;;;;;;;;;;;1;;1;
;7;4;19;;;;;;;;;;1;;;;1
;7;4;20;;1;;;;;;;1;;;;;
;7;4;21;;1;;;;;;;;1;;;1;
;7;4;22;;;;;;;;;1;;1;;;
;7;4;23;;1;;;;;;;1;;1;;;
;7;4;24;;1;;;;;;;;;;;1;
;7;5;1;;1;;;;;;;;;;1;1;1
;7;5;2;;1;;;;;;;;;;;;1
;7;5;3;;1;;;;;;;;;1;1;;
;7;5;4;;1;;;;;;;1;;;1;;
;7;5;5;;;;;;;;;;;1;;;1
;7;5;6;;1;;;;;;;;1;;;;1
;7;5;7;;;;;;;;;;;;1;1;1
;7;5;8;;;;;;;;;;1;;1;;
;7;5;9;;1;;;;;;;;;;1;1;
;7;5;10;;1;;;;;;;;1;;;;
;7;5;11;;1;;;;;;;;;1;;;1
;7;5;12;;1;;;;;;;;;1;1;;
;7;5;13;;;;;;;;;1;;;1;;
;7;5;14;;;;;;;;;;1;;;1;
;7;6;1;;1;;;;;;;;1;;;;
;7;6;2a;;1;;;;;;;;;1;1;1;
;7;6;2b;;1;;;;;;;;;;;;1
;7;6;3;;;;;;;;;1;;;;1;
;7;6;4;;;;;;;;;;;;1;;1
;7;6;5;;1;;;;;;;;1;;;;1
;7;6;6a,b;;1;;;;;;;;;;1;1;
;7;6;6c;;1;;;;;;;;1;;;;
;7;6;7a;;1;;;;;;;;1;;;;
;7;6;7b;;1;;;;;;;1;;;;1;
;7;6;8;;1;;;;;;;;1;;;1;
;7;6;9;;1;;;;;;;1;;;;;
;7;6;10;;;;;;;;;;1;;;1;
;7;6;11;;;;;;;;;1;;;;;
;7;6;12;;1;;;;;;;1;;1;;;
;7;6;13;;1;;;;;;;;1;1;;1;
;7;6;14;;1;;;;;;;;1;1;;;
;7;6;15;;;;;;;;;1;1;;;1;1
;7;6;16;;;;;;;;;;;;;1;
;7;Wiederholen;1;;;;;;;;;;1;;;1;
;7;Wiederholen;2;;;;;;;;;;;;1;1;
;7;Wiederholen;3;;;;;;;;;;;;1;;1
;7;Wiederholen;4;;;;;;;;;;1;;1;;
;7;Wiederholen;5;;;;;;;;;;;;1;1;
;7;Wiederholen;6;;;;;;;;;;;1;1;;
;7;Wiederholen;7;;;;;;;;;;;1;1;1;
;7;Wiederholen;8;;;;;;;;;;1;;;;1
;7;Wiederholen;9;;;;;;;;;1;1;;;;
;7;Wiederholen;10;;;;;;;;;;;;1;1;
;7;Wiederholen;11;;;;;;;;;;;1;;1;
;7;Wiederholen;12;;;;;;;;;1;;;;;
;7;Wiederholen;13;;;;;;;;;1;;1;;;1
;7;Wiederholen;14;;;;;;;;;1;;;1;;
;7;Wiederholen;15;;;;;;;;;;1;;;1;1
;7;Wiederholen;16;;;;;;;;;;1;;1;1;
;7;Wiederholen;17;;;;;;;;;1;;;1;;1
;7;Wiederholen;18;;;;;;;;;;1;;1;;
;7;Wiederholen;19;;;;;;;;;;;1;1;;
;7;Wiederholen;20;;;;;;;;;;;;1;;1
;7;Teste dich;1;;;;;;;;;;;;;1;
;7;Teste dich;2;;;;;;;;;1;;;;;1
;7;Teste dich;3;;;;;;;;;;;;1;1;
;7;Teste dich;4;;;;;;;;;;;;1;1;
;7;Teste dich;5;;;;;;;;;;;1;1;;
;7;Teste dich;6;;;;;;;;;;1;1;;;
;7;Teste dich;7;;;;;;;;;;1;;;1;
;7;Teste dich;8;;;;;;;;;1;1;;;;
;7;Teste dich;9;;;;;;;;;;;1;1;;
;7;Teste dich;10;;;;;;;;;;1;1;;1;
